reps,fold,brier,slope,auc,runtime,model,Model_number
1,1,0.146690655,1.041714851,0.768813234,0.399205208,1,1
1,2,0.146792814,1.013765663,0.769130032,0.363800764,1,1
1,3,0.142327035,1.114972499,0.784585583,0.372350931,1,1
1,4,0.140974572,1.031299217,0.772951932,0.368838787,1,1
1,5,0.136865951,1.0334784,0.773870705,1.926851273,1,1
1,6,0.151681222,1.026161004,0.770869299,0.364276648,1,1
1,7,0.154676284,0.959188924,0.764197178,1.907840252,1,1
1,8,0.151122751,0.959485128,0.759083346,0.361153603,1,1
1,9,0.144532796,1.052230586,0.778318235,0.36445117,1,1
1,10,0.155558224,0.957768579,0.758888601,0.362136602,1,1
2,1,0.151142593,1.035737846,0.776955078,0.363012791,1,1
2,2,0.144961204,0.962583667,0.756834779,0.366109371,1,1
2,3,0.147401905,1.039569501,0.779156648,0.359836817,1,1
2,4,0.148970085,0.973410629,0.760227033,0.366751432,1,1
2,5,0.149871456,1.098648305,0.783302716,0.366740704,1,1
2,6,0.141007549,1.049345682,0.773035431,0.358082533,1,1
2,7,0.146962338,1.004840615,0.770677471,0.379715204,1,1
2,8,0.145619532,1.052069228,0.770671833,0.3659482,1,1
2,9,0.148454396,0.976113402,0.763856413,0.363206625,1,1
2,10,0.151139997,0.966725347,0.759485326,0.364830971,1,1
3,1,0.14378821,1.03244276,0.775617126,0.36969924,1,1
3,2,0.149444368,0.942183567,0.754411646,0.356981277,1,1
3,3,0.151262392,1.03165751,0.767830695,0.362808466,1,1
3,4,0.14916949,0.958895065,0.758597631,0.368930101,1,1
3,5,0.153191835,1.026971015,0.772062312,0.372181416,1,1
3,6,0.149947117,0.990338187,0.764552285,0.36487174,1,1
3,7,0.133097651,1.087728679,0.787267042,0.360971928,1,1
3,8,0.138813883,1.092483695,0.783346512,0.365529776,1,1
3,9,0.153580299,1.05637513,0.779756313,0.370380878,1,1
3,10,0.155356308,0.955956392,0.756216772,0.361124516,1,1
4,1,0.149928449,0.999584418,0.766613925,0.364481688,1,1
4,2,0.144873842,1.01363126,0.768550791,0.361450195,1,1
4,3,0.143114177,1.048700755,0.775465606,1.937104702,1,1
4,4,0.137198337,0.998843212,0.764756414,0.368201017,1,1
4,5,0.145836017,0.990532457,0.771147861,0.366005182,1,1
4,6,0.149072196,0.97537358,0.760503445,0.36320734,1,1
4,7,0.153683475,1.041450364,0.771370938,0.367647886,1,1
4,8,0.15541324,1.010597805,0.767256462,0.36835289,1,1
4,9,0.150642314,1.038932512,0.774055139,0.364972115,1,1
4,10,0.145736444,1.042542007,0.774508048,0.35886693,1,1
5,1,0.138171546,1.097145664,0.783867956,0.369448662,1,1
5,2,0.144184947,1.059427492,0.777814036,0.364643812,1,1
5,3,0.15468066,1.006942127,0.768960862,0.370341539,1,1
5,4,0.146002843,1.020243465,0.771770103,0.362890482,1,1
5,5,0.152526922,0.991061329,0.75964562,0.370579958,1,1
5,6,0.145821657,0.975956222,0.764023658,0.369929552,1,1
5,7,0.153501152,0.994304222,0.761648689,0.375071526,1,1
5,8,0.139570843,1.048311448,0.780170832,0.364986181,1,1
5,9,0.15553399,0.927487889,0.755981466,0.367228985,1,1
5,10,0.148910628,1.019790193,0.767223632,0.36966753,1,1
1,1,0.146268668,1.017064763,0.768950713,0.139239073,2,2
1,2,0.146146103,0.998365172,0.769005396,0.139635563,2,2
1,3,0.141640149,1.098268936,0.784562017,0.141015053,2,2
1,4,0.140752155,1.024093851,0.773218396,0.140822172,2,2
1,5,0.137223012,1.020397983,0.774029061,0.138631821,2,2
1,6,0.149868272,1.005379193,0.770978372,0.139286757,2,2
1,7,0.153296903,0.95046082,0.764704018,0.136620522,2,2
1,8,0.150196337,0.941661687,0.75950884,0.137585878,2,2
1,9,0.143017159,1.031324923,0.77858487,0.138519764,2,2
1,10,0.153561049,0.93840399,0.758560075,0.138657331,2,2
2,1,0.149186601,1.02278247,0.776977745,0.140120506,2,2
2,2,0.144671964,0.939214956,0.75721301,0.139724731,2,2
2,3,0.145539045,1.025041662,0.779441711,0.138180494,2,2
2,4,0.148434375,0.962508003,0.760096017,0.139252901,2,2
2,5,0.148569771,1.085666632,0.78297342,0.140360117,2,2
2,6,0.140181545,1.027754759,0.773547533,0.137897015,2,2
2,7,0.145884798,0.987341519,0.771068532,0.140591145,2,2
2,8,0.145845071,1.033682773,0.77047108,0.140156031,2,2
2,9,0.14782743,0.95931292,0.763995041,0.138803244,2,2
2,10,0.149964287,0.950810804,0.759517319,0.139682055,2,2
3,1,0.143619769,1.020494277,0.775465703,0.14167285,2,2
3,2,0.148468136,0.922615728,0.754828931,0.136560202,2,2
3,3,0.149460723,1.015581129,0.768069009,0.138953447,2,2
3,4,0.148378495,0.934174704,0.75886933,0.141422749,2,2
3,5,0.151356941,1.021238941,0.772424369,0.142740726,2,2
3,6,0.148823423,0.972851964,0.764656927,0.139969826,2,2
3,7,0.134101974,1.078994857,0.787367877,0.138128996,2,2
3,8,0.138602138,1.076088307,0.783567744,1.726871014,2,2
3,9,0.151190211,1.036690224,0.779541575,1.690016508,2,2
3,10,0.153750277,0.936002231,0.756170393,0.138945818,2,2
4,1,0.148994503,0.988392532,0.766710533,0.140076637,2,2
4,2,0.144859836,0.99826228,0.768679003,3.465835333,2,2
4,3,0.141696573,1.019287669,0.775544065,0.141307354,2,2
4,4,0.137978896,0.979786314,0.765202828,0.141971588,2,2
4,5,0.144747902,0.974287351,0.771385009,0.140783787,2,2
4,6,0.148487434,0.959337915,0.760542234,0.139950991,2,2
4,7,0.151154952,1.019196558,0.771426574,1.711449146,2,2
4,8,0.153952001,0.995746064,0.767235865,0.141813755,2,2
4,9,0.148755798,1.030557888,0.774193352,0.140747786,2,2
4,10,0.14510656,1.026650787,0.774752371,0.137828827,2,2
5,1,0.137845771,1.090473235,0.784132654,1.701387644,2,2
5,2,0.143552019,1.044570909,0.777992139,0.137973785,2,2
5,3,0.152150559,0.986358135,0.768748782,0.141918182,2,2
5,4,0.145181594,1.006717794,0.77215238,0.139350176,2,2
5,5,0.151299533,0.968054818,0.759734815,0.140867472,2,2
5,6,0.144950107,0.95781073,0.764340039,0.141653061,2,2
5,7,0.153020452,0.978365255,0.761943784,0.143815756,2,2
5,8,0.139395347,1.036218682,0.780049076,1.691232443,2,2
5,9,0.153889936,0.905000309,0.756252158,0.140573502,2,2
5,10,0.148119314,1.004427733,0.767166745,0.14098382,2,2
1,1,0.144022244,0.974908166,0.783458052,0.225611925,3,3
1,2,0.143272657,0.965027774,0.786478208,0.212110043,3,3
1,3,0.141570374,1.013768217,0.791608349,0.223473787,3,3
1,4,0.141107048,0.92795578,0.786383048,0.224632978,3,3
1,5,0.135494565,0.987896856,0.791463198,0.220606089,3,3
1,6,0.147084127,0.959211174,0.782402192,0.22390008,3,3
1,7,0.151766557,0.905366477,0.776057883,0.215965033,3,3
1,8,0.148179203,0.920294118,0.773086441,0.223833084,3,3
1,9,0.139251826,0.98941102,0.79249678,0.215667009,3,3
1,10,0.150379499,0.918956672,0.773851598,0.215511084,3,3
2,1,0.14685476,0.967431925,0.786255374,0.222600937,3,3
2,2,0.144889353,0.897621615,0.76908748,0.224545002,3,3
2,3,0.141033913,1.006717526,0.796380104,0.245589972,3,3
2,4,0.147558629,0.903784766,0.774319727,0.223438978,3,3
2,5,0.145535868,1.040873608,0.795948564,0.234443188,3,3
2,6,0.1384623,0.967627655,0.786265715,0.264991999,3,3
2,7,0.144727202,0.92824718,0.782894782,0.254439831,3,3
2,8,0.14581023,0.955482249,0.782437068,0.243488073,3,3
2,9,0.144847843,0.94182989,0.778959628,0.2035501,3,3
2,10,0.146106753,0.939643863,0.778299408,0.214138031,3,3
3,1,0.141849616,0.973284476,0.789064991,0.213608027,3,3
3,2,0.145720928,0.905990401,0.77028419,0.212688208,3,3
3,3,0.145436115,0.984376172,0.785308086,0.214223146,3,3
3,4,0.146319211,0.920158934,0.772611329,0.214633942,3,3
3,5,0.148773635,0.960766778,0.785242452,0.223340034,3,3
3,6,0.148347574,0.900792229,0.775092911,0.213454008,3,3
3,7,0.134314747,1.011287849,0.803497124,0.214334011,3,3
3,8,0.137338858,1.030947961,0.79447464,0.213464975,3,3
3,9,0.148260245,0.976693811,0.789866465,0.222425938,3,3
3,10,0.150780259,0.901243358,0.771086572,0.212831974,3,3
4,1,0.148090005,0.920926675,0.776924276,0.222040892,3,3
4,2,0.144836968,0.94477243,0.778302521,0.214064837,3,3
4,3,0.139245745,0.964696303,0.789239653,0.212814808,3,3
4,4,0.136949903,0.960670192,0.780820704,0.252374887,3,3
4,5,0.141283342,0.966769829,0.788837154,0.245012045,3,3
4,6,0.146607856,0.923806184,0.777094638,0.296854973,3,3
4,7,0.147362521,0.976513984,0.783850831,0.223757029,3,3
4,8,0.151167275,0.921583857,0.780880241,0.22350502,3,3
4,9,0.145135451,0.993885875,0.788638098,0.215502024,3,3
4,10,0.14381816,0.975792727,0.787650117,0.20582509,3,3
5,1,0.137897962,1.002348369,0.795208565,0.215543985,3,3
5,2,0.141382648,0.986602138,0.790968707,0.213184834,3,3
5,3,0.147092928,0.951701007,0.784803559,0.214608908,3,3
5,4,0.143470748,0.965864797,0.784696226,0.21409893,3,3
5,5,0.149974352,0.912762888,0.771105158,0.213407993,3,3
5,6,0.142231661,0.946885054,0.780046382,0.209014177,3,3
5,7,0.149480968,0.973758697,0.779023642,0.213905096,3,3
5,8,0.137734213,0.984301373,0.796807936,0.213570118,3,3
5,9,0.151349782,0.879316339,0.7684066,0.214191914,3,3
5,10,0.14758947,0.935504898,0.778907921,0.222268105,3,3
1,1,0.142253084,1.013479474,0.783974216,0.20008707,4,4
1,2,0.14113485,1.014946861,0.787554171,0.171868086,4,4
1,3,0.140032902,1.051454144,0.790903075,0.173942089,4,4
1,4,0.137474968,0.989108363,0.78718772,0.179517031,4,4
1,5,0.132663303,1.039150796,0.792690519,0.163630962,4,4
1,6,0.146730373,0.996023791,0.782488014,0.165927172,4,4
1,7,0.149797775,0.955665652,0.777003866,0.163814068,4,4
1,8,0.146360131,0.957177274,0.774027714,0.16477108,4,4
1,9,0.138616795,1.033490936,0.793025746,0.163973093,4,4
1,10,0.149431065,0.954213736,0.773948759,0.164371967,4,4
2,1,0.146473817,1.008705547,0.786294947,0.16620183,4,4
2,2,0.142238577,0.932529033,0.769846148,0.173211098,4,4
2,3,0.140360402,1.053383967,0.797277938,0.181959152,4,4
2,4,0.144874838,0.952266073,0.774594688,0.190732956,4,4
2,5,0.144503855,1.09204729,0.796368487,0.184039116,4,4
2,6,0.136296408,1.01105164,0.786911645,0.194200039,4,4
2,7,0.142556677,0.971810796,0.783711751,0.202533007,4,4
2,8,0.143145595,0.999726382,0.782299866,0.203458071,4,4
2,9,0.14336456,0.984827826,0.779757107,0.163552999,4,4
2,10,0.144622954,0.985391811,0.779556815,0.164682865,4,4
3,1,0.139831749,1.019977485,0.789107264,0.166250944,4,4
3,2,0.143676768,0.943388181,0.771499317,0.163609028,4,4
3,3,0.144409449,1.033194455,0.786469594,0.165174007,4,4
3,4,0.144621814,0.950397836,0.773911933,0.164000988,4,4
3,5,0.14709556,1.016299751,0.785856407,0.170094967,4,4
3,6,0.146642537,0.943328922,0.775150125,0.162768126,4,4
3,7,0.130439481,1.079914547,0.804256811,0.153872013,4,4
3,8,0.135487461,1.063545116,0.794473601,0.161875963,4,4
3,9,0.148314526,1.013864026,0.789648822,0.16379714,4,4
3,10,0.149718303,0.947343839,0.771620182,0.163985014,4,4
4,1,0.14620314,0.970472032,0.777147414,0.166203976,4,4
4,2,0.142371209,0.981878124,0.778293941,0.162979126,4,4
4,3,0.137901823,1.004049244,0.789801989,0.163914919,4,4
4,4,0.133947496,1.004961706,0.781788555,0.194396019,4,4
4,5,0.139897751,1.008702284,0.790072369,0.19478488,4,4
4,6,0.144282079,0.974760299,0.778320721,0.16364193,4,4
4,7,0.147282666,1.008137,0.784125842,0.174139023,4,4
4,8,0.149747225,0.984300976,0.781192487,0.173629999,4,4
4,9,0.144082603,1.034836789,0.789251992,0.163877964,4,4
4,10,0.141729817,1.016634222,0.788032356,0.164845943,4,4
5,1,0.135084027,1.059344458,0.795091822,0.16603303,4,4
5,2,0.140025515,1.034519013,0.791365367,0.164418936,4,4
5,3,0.146840216,0.991534147,0.785275114,0.163897038,4,4
5,4,0.141513227,1.010178202,0.785481996,0.161697149,4,4
5,5,0.148583655,0.948088117,0.771402154,0.173551798,4,4
5,6,0.140403716,0.985900994,0.781441655,0.163844109,4,4
5,7,0.148169689,1.017005945,0.780448691,0.1712749,4,4
5,8,0.134910576,1.043873615,0.797305944,0.160771132,4,4
5,9,0.150047894,0.908508752,0.768833009,0.174371004,4,4
5,10,0.145331663,0.986106528,0.779305601,0.173994064,4,4
1,1,0.151597352,0.911980496,0.783347534,0.36873579,5,5
1,2,0.150149137,0.893541611,0.788133698,0.37457943,5,5
1,3,0.14865182,0.948484464,0.793044537,0.379556894,5,5
1,4,0.145824672,0.936861858,0.793978391,1.931885242,5,5
1,5,0.143062096,0.936233283,0.79321054,0.372208357,5,5
1,6,0.151686145,0.919926884,0.785003098,0.373967409,5,5
1,7,0.15833983,0.845852549,0.779393694,0.36169219,5,5
1,8,0.15267342,0.896270058,0.776641963,0.371348381,5,5
1,9,0.143686582,0.939822353,0.797404053,0.37130022,5,5
1,10,0.156285795,0.853464532,0.774255,0.367212534,5,5
2,1,0.150999366,0.928142908,0.791907559,0.373826265,5,5
2,2,0.14911142,0.884377936,0.775722184,0.375514984,5,5
2,3,0.1469543,0.940978817,0.793908294,0.371464014,5,5
2,4,0.152692207,0.878796795,0.777423015,1.958329678,5,5
2,5,0.151509755,0.982281374,0.796865592,0.378209591,5,5
2,6,0.145164456,0.912784074,0.789474252,0.368849277,5,5
2,7,0.151126745,0.859008813,0.787267936,1.956104994,5,5
2,8,0.153314788,0.910340198,0.783312499,0.373272181,5,5
2,9,0.150963144,0.893716865,0.782691992,0.374777317,5,5
2,10,0.153417012,0.871768083,0.779403032,0.373755932,5,5
3,1,0.149237761,0.922601957,0.791341876,0.37631917,5,5
3,2,0.151929252,0.849094162,0.770778088,0.363077879,5,5
3,3,0.150300572,0.923637046,0.787804828,0.372453213,5,5
3,4,0.151582809,0.886073711,0.777634517,0.377214909,5,5
3,5,0.156396068,0.883601955,0.783741146,0.37948823,5,5
3,6,0.153458428,0.878870589,0.776810849,0.375847578,5,5
3,7,0.14457081,0.93695795,0.805803596,0.372072935,5,5
3,8,0.143595142,0.986296528,0.797435298,0.372560501,5,5
3,9,0.151455224,0.934260822,0.795333059,0.376828671,5,5
3,10,0.154488643,0.873926954,0.775739536,0.370063782,5,5
4,1,0.154899611,0.865404327,0.779293212,1.9402318,5,5
4,2,0.150341973,0.912590414,0.782094384,0.370549202,5,5
4,3,0.14442043,0.921660576,0.79391929,0.373652697,5,5
4,4,0.144804673,0.904689777,0.783043883,0.379379511,5,5
4,5,0.147654226,0.901229341,0.788432789,0.377697706,5,5
4,6,0.152961979,0.869571862,0.780145605,0.374365807,5,5
4,7,0.150737381,0.926836362,0.78667518,0.378449678,5,5
4,8,0.156044524,0.903816192,0.78432597,3.709209919,5,5
4,9,0.150263743,0.946899822,0.790523577,3.705105782,5,5
4,10,0.151762112,0.913522856,0.790169929,0.369004488,5,5
5,1,0.144576508,0.967519007,0.798363254,0.377304077,5,5
5,2,0.148157415,0.931168158,0.793328831,0.374751568,5,5
5,3,0.150838192,0.913478208,0.787138383,0.382582188,5,5
5,4,0.14904993,0.924242799,0.789625097,0.373380423,5,5
5,5,0.15611233,0.864295663,0.772933901,0.382921696,5,5
5,6,0.148085566,0.897896845,0.783266502,1.945229053,5,5
5,7,0.155961493,0.900995941,0.78075212,0.386927605,5,5
5,8,0.145719662,0.908682545,0.798226709,0.374671936,5,5
5,9,0.156918124,0.829080362,0.769846147,0.377939224,5,5
5,10,0.152745384,0.914117081,0.782758393,0.380203009,5,5
1,1,0.142382412,0.997118111,0.783613231,1.717717409,6,6
1,2,0.140722635,0.997581309,0.789117689,0.147010326,6,6
1,3,0.139056845,1.035597845,0.791987286,0.148463488,6,6
1,4,0.134945258,1.043839226,0.795360372,0.148153067,6,6
1,5,0.132611508,1.046998402,0.794353742,0.145725965,6,6
1,6,0.145611943,0.997362107,0.785012373,0.146440029,6,6
1,7,0.149282829,0.951220675,0.780184741,0.142769098,6,6
1,8,0.144695965,0.973060399,0.777668546,0.144770384,6,6
1,9,0.137423394,1.036771241,0.798404284,0.145595551,6,6
1,10,0.149472,0.932248514,0.774264013,0.145801067,6,6
2,1,0.144935445,1.023782379,0.792337478,0.146214485,6,6
2,2,0.139689469,0.966564724,0.777019878,0.146790504,6,6
2,3,0.140800592,1.027580486,0.794033735,0.145197868,6,6
2,4,0.143324416,0.971572184,0.778087329,0.148606777,6,6
2,5,0.143644234,1.079067918,0.796780074,0.14744091,6,6
2,6,0.135964097,1.007534692,0.790099644,0.15772891,6,6
2,7,0.141443951,0.966013323,0.788079544,0.148361921,6,6
2,8,0.142699921,0.998141038,0.78307997,0.147314548,6,6
2,9,0.142388876,0.984761694,0.783596775,0.146026134,6,6
2,10,0.14523458,0.965376975,0.780439884,0.147696733,6,6
3,1,0.139781799,1.017579717,0.791799436,0.149148703,6,6
3,2,0.143441228,0.930341759,0.771678102,0.142943144,6,6
3,3,0.14321808,1.0247117,0.788889643,0.145348787,6,6
3,4,0.143467129,0.965916031,0.778859624,0.148099899,6,6
3,5,0.148128969,0.98927887,0.783690919,0.149446964,6,6
3,6,0.145748056,0.956005304,0.776729418,0.146972656,6,6
3,7,0.130535525,1.063189016,0.806359362,0.14481616,6,6
3,8,0.134289741,1.069210429,0.797679046,0.146783829,6,6
3,9,0.14616201,1.029773586,0.795388998,0.149721384,6,6
3,10,0.147728607,0.963450129,0.776651783,0.145961761,6,6
4,1,0.146234524,0.963008831,0.779289789,0.148120165,6,6
4,2,0.140358879,0.994451589,0.782049925,0.146490097,6,6
4,3,0.137000815,1.015516117,0.794896006,0.147615671,6,6
4,4,0.133346612,0.993528617,0.784065899,0.148948908,6,6
4,5,0.140015346,0.988425504,0.788961199,0.147263765,6,6
4,6,0.143270641,0.970659302,0.78111335,0.146661997,6,6
4,7,0.145654005,1.009816407,0.786925977,0.149018526,6,6
4,8,0.148438275,1.004396374,0.784960172,0.1496346,6,6
4,9,0.143525525,1.035796632,0.791073575,0.148847818,6,6
4,10,0.141667393,1.014927523,0.790536189,0.145502567,6,6
5,1,0.134028994,1.071419772,0.798560819,0.147687674,6,6
5,2,0.139816164,1.035680672,0.793859328,0.144986391,6,6
5,3,0.145889229,0.996553413,0.787620966,0.149444103,6,6
5,4,0.140464537,1.023404071,0.790403298,0.146038532,6,6
5,5,0.147470373,0.942872927,0.772871223,0.147356272,6,6
5,6,0.139522902,0.982084448,0.784467678,0.148902178,6,6
5,7,0.147614964,0.995297828,0.781918185,0.150964499,6,6
5,8,0.13473663,1.026938422,0.798789451,0.147817135,6,6
5,9,0.149480041,0.900307537,0.770061826,0.15145731,6,6
5,10,0.144042605,1.006279962,0.783294554,1.72213006,6,6
1,1,0.140056557,0.998415073,0.79109123,0.781907082,7,7
1,2,0.139591781,0.99339521,0.795531622,0.777269602,7,7
1,3,0.138353581,0.996894984,0.795922192,2.367312431,7,7
1,4,0.133979617,1.032544446,0.79998024,0.805328131,7,7
1,5,0.131277339,1.034858328,0.798380138,0.82062149,7,7
1,6,0.143336625,1.02345963,0.790570274,0.801695824,7,7
1,7,0.148060246,0.92468547,0.785910935,0.74821949,7,7
1,8,0.143236188,0.965361933,0.782675617,2.354915619,7,7
1,9,0.135109111,1.050212754,0.801966516,0.794901133,7,7
1,10,0.148450053,0.923118313,0.779342138,0.770558834,7,7
2,1,0.143488291,1.009885061,0.797680718,0.781957626,7,7
2,2,0.138749981,0.956863853,0.782505473,2.34764576,7,7
2,3,0.138552753,1.038866558,0.801476076,0.796228409,7,7
2,4,0.143021008,0.948442169,0.780113978,0.792610407,7,7
2,5,0.1419049,1.074664615,0.801195794,2.345713615,7,7
2,6,0.133813674,0.999718933,0.794289207,0.790181875,7,7
2,7,0.140007656,0.968810426,0.793389249,0.786212206,7,7
2,8,0.141268061,0.980645452,0.790214954,0.769999504,7,7
2,9,0.141546079,0.969477312,0.787696343,0.793698311,7,7
2,10,0.142846506,0.974800914,0.788210333,2.369726658,7,7
3,1,0.138089282,1.004307517,0.799433984,0.828637362,7,7
3,2,0.142275889,0.929171631,0.776212327,0.778782129,7,7
3,3,0.140375343,1.053770655,0.796050277,0.796744585,7,7
3,4,0.141470346,0.964360887,0.786827413,0.804214001,7,7
3,5,0.146716847,0.977115473,0.789729247,2.373234034,7,7
3,6,0.144708745,0.941024144,0.782070936,2.349921703,7,7
3,7,0.129976491,1.015259343,0.809960727,2.370493412,7,7
3,8,0.1329555,1.079918399,0.803728413,0.802857876,7,7
3,9,0.144723549,1.019520523,0.797872939,0.791426897,7,7
3,10,0.146315277,0.95386151,0.779539074,2.352806568,7,7
4,1,0.145135268,0.947267142,0.783738468,0.775337458,7,7
4,2,0.138965596,0.992781819,0.787512641,0.798088551,7,7
4,3,0.134902437,1.023162528,0.801273043,0.780427217,7,7
4,4,0.132491972,0.973188572,0.786793053,0.818410158,7,7
4,5,0.1389503,0.987340956,0.793939167,2.353334188,7,7
4,6,0.140477931,0.978730584,0.789774289,0.79978776,7,7
4,7,0.144100247,1.000128842,0.792646024,0.798615932,7,7
4,8,0.146380019,1.006298138,0.789382917,0.813755751,7,7
4,9,0.142814728,1.006325159,0.794927906,0.816130877,7,7
4,10,0.139895066,1.012973538,0.797152259,0.756831408,7,7
5,1,0.132532945,1.064106007,0.804110821,0.805961132,7,7
5,2,0.137784063,1.038210356,0.799447222,2.372078657,7,7
5,3,0.143480233,1.006913129,0.795140212,0.779317379,7,7
5,4,0.139450454,1.008490497,0.794663831,2.358100176,7,7
5,5,0.146107454,0.948532908,0.777730435,0.808861017,7,7
5,6,0.138501367,0.971004435,0.788916369,0.808829308,7,7
5,7,0.147779059,0.955417146,0.783428066,0.821133137,7,7
5,8,0.133199715,1.003786693,0.80411353,0.817768574,7,7
5,9,0.146977646,0.912034687,0.778393549,0.796078444,7,7
5,10,0.142527282,0.994822086,0.787567544,0.801082373,7,7
1,1,0.145535129,1.011635789,0.769055675,6.574084759,8,8
1,2,0.145822098,0.980555803,0.769390293,4.716975451,8,8
1,3,0.140937702,1.080505114,0.784765814,4.780416965,8,8
1,4,0.140570552,1.001026708,0.773169788,3.280668736,8,8
1,5,0.136753073,1.002780388,0.774088596,4.801355124,8,8
1,6,0.149440017,0.997422564,0.771073077,4.782403469,8,8
1,7,0.153270413,0.930730649,0.764407335,6.066616058,8,8
1,8,0.149826495,0.932692404,0.759311864,4.711197615,8,8
1,9,0.142507712,1.023680735,0.778516117,4.745783806,8,8
1,10,0.153379654,0.926602733,0.759092332,3.068730593,8,8
2,1,0.148830726,1.00435227,0.77713992,4.693909407,8,8
2,2,0.144385664,0.936892293,0.757062659,4.641265631,8,8
2,3,0.145311613,1.009865735,0.779374325,4.703889608,8,8
2,4,0.148199708,0.941821312,0.760417035,3.111218929,8,8
2,5,0.147949618,1.064369888,0.783522292,4.786779404,8,8
2,6,0.139870916,1.021044337,0.773254085,4.695842743,8,8
2,7,0.14563591,0.975867057,0.770896978,3.113204956,8,8
2,8,0.145069985,1.020018196,0.770860886,4.640739918,8,8
2,9,0.147329087,0.946288957,0.764080016,4.772247553,8,8
2,10,0.149592536,0.936971422,0.759765019,3.128271341,8,8
3,1,0.142934597,0.999174934,0.775824162,4.797806501,8,8
3,2,0.148309022,0.917184673,0.754621935,4.678849936,8,8
3,3,0.149162553,1.001063639,0.768090241,4.70704031,8,8
3,4,0.148041765,0.932893387,0.758835071,4.796933651,8,8
3,5,0.151354268,0.994686409,0.772259988,3.223036766,8,8
3,6,0.148452247,0.960964102,0.764743878,3.19333744,8,8
3,7,0.133497671,1.054391463,0.7875065,4.764974594,8,8
3,8,0.137958035,1.060483654,0.783556429,4.752571821,8,8
3,9,0.150658123,1.024695318,0.779982362,6.263105154,8,8
3,10,0.153472694,0.926643943,0.756437249,4.672646523,8,8
4,1,0.14867904,0.96888557,0.766791801,3.09213376,8,8
4,2,0.144327089,0.984681942,0.768723853,3.164885998,8,8
4,3,0.141256082,1.020796491,0.775723977,3.052984715,8,8
4,4,0.137468392,0.970268095,0.764966444,4.84733963,8,8
4,5,0.144458393,0.96324815,0.77134041,4.786124468,8,8
4,6,0.14818386,0.945774061,0.7607855,4.753917933,8,8
4,7,0.150736994,1.011290402,0.771609051,4.722000599,8,8
4,8,0.153512822,0.979019396,0.767476871,3.231156111,8,8
4,9,0.148491822,1.005456289,0.774281565,3.201103926,8,8
4,10,0.144697994,1.009740487,0.774736927,4.549381018,8,8
5,1,0.137543973,1.064834707,0.78407275,3.081913233,8,8
5,2,0.142736455,1.02803066,0.778008684,3.13806653,8,8
5,3,0.151762889,0.977043139,0.769225702,4.69105792,8,8
5,4,0.144846711,0.990256646,0.772009051,4.761885166,8,8
5,5,0.150841351,0.963142039,0.759842693,4.812890053,8,8
5,6,0.144762508,0.948105627,0.764261818,4.685451031,8,8
5,7,0.152332915,0.963128728,0.761883312,4.856092453,8,8
5,8,0.138983381,1.015959831,0.780385716,6.334610701,8,8
5,9,0.153761313,0.901535969,0.756187938,4.791455746,8,8
5,10,0.147890824,0.987536735,0.76743823,4.794944525,8,8
1,1,0.140837728,1.032607064,0.786972825,14.20581174,9,9
1,2,0.140174987,1.023769961,0.790938006,12.55588627,9,9
1,3,0.13767603,1.069494097,0.796223833,14.55846953,9,9
1,4,0.134945572,1.059638772,0.793568922,13.01647091,9,9
1,5,0.132041206,1.061843357,0.792303908,11.30856609,9,9
1,6,0.144221141,1.053242267,0.787495715,14.34640527,9,9
1,7,0.148399485,0.971390135,0.782305695,12.22140813,9,9
1,8,0.143699536,0.994900049,0.780062745,12.67984152,9,9
1,9,0.136954737,1.083269176,0.796927553,11.26198053,9,9
1,10,0.148665395,0.957741324,0.77695471,12.44173074,9,9
2,1,0.144547794,1.042078894,0.791810255,12.75411654,9,9
2,2,0.138944209,0.97993819,0.779477862,12.51673698,9,9
2,3,0.139748368,1.068368566,0.797676288,11.13328171,9,9
2,4,0.143298429,0.980009653,0.77764453,12.77113938,9,9
2,5,0.142746197,1.105382302,0.798051678,12.75006342,9,9
2,6,0.134291567,1.05956641,0.79245487,10.95095134,9,9
2,7,0.140295946,1.008373628,0.790325689,12.59309697,9,9
2,8,0.141035031,1.030303065,0.787637679,10.98974895,9,9
2,9,0.14223205,0.997623521,0.783942498,12.79212856,9,9
2,10,0.143412314,1.009929629,0.783844432,12.62878346,9,9
3,1,0.138348102,1.048157103,0.793602649,12.66415262,9,9
3,2,0.142857853,0.970696044,0.772691818,10.99696016,9,9
3,3,0.142120515,1.073662219,0.791542847,10.86539602,9,9
3,4,0.142349264,1.002996084,0.781324428,11.29070306,9,9
3,5,0.147599625,1.006648404,0.786195822,12.97737432,9,9
3,6,0.144938585,0.979705695,0.77965714,12.90640092,9,9
3,7,0.129668596,1.0701021,0.805187134,12.75994897,9,9
3,8,0.132736578,1.114888173,0.801602457,14.34947801,9,9
3,9,0.145349291,1.060710891,0.795628344,12.57169485,9,9
3,10,0.147034773,0.985646942,0.777168836,14.24395871,9,9
4,1,0.145211772,0.981311225,0.781822781,12.68571639,9,9
4,2,0.139166868,1.034809129,0.78499549,12.81147337,9,9
4,3,0.136687255,1.056428833,0.793504261,12.30753016,9,9
4,4,0.13214418,1.017547322,0.785591243,13.01688004,9,9
4,5,0.140075888,1.018997986,0.788061725,12.91112709,9,9
4,6,0.14138088,1.008485273,0.784514199,13.18346739,9,9
4,7,0.145508306,1.042547785,0.787613363,14.35754991,9,9
4,8,0.147752641,1.03564408,0.784313244,12.92963243,9,9
4,9,0.143379034,1.046311347,0.791550745,12.77555919,9,9
4,10,0.140619645,1.049527872,0.791839747,12.27960062,9,9
5,1,0.13287207,1.106756786,0.800752872,12.59425497,9,9
5,2,0.138735605,1.073160823,0.793921353,12.70582628,9,9
5,3,0.144692288,1.037280909,0.791237811,12.57958007,9,9
5,4,0.140012295,1.045912332,0.790044527,12.630373,9,9
5,5,0.146352762,0.989158251,0.775904223,11.24370146,9,9
5,6,0.139198597,1.00055604,0.785450746,12.74985909,9,9
5,7,0.147721844,0.991204561,0.781042514,13.16222525,9,9
5,8,0.133846742,1.048041768,0.79803204,14.29495025,9,9
5,9,0.147783434,0.94585803,0.775293595,14.47888875,9,9
5,10,0.142675965,1.034988122,0.785716289,12.87162113,9,9
1,1,0.140230673,0.998242944,0.791870107,2.143906832,10,10
1,2,0.139393302,0.993759604,0.796430566,0.574892998,10,10
1,3,0.138864793,0.996967174,0.795123032,0.581456184,10,10
1,4,0.133519712,1.042335864,0.801341967,0.607431412,10,10
1,5,0.131145371,1.043557429,0.799633491,0.598845959,10,10
1,6,0.14384393,1.003084236,0.790618867,0.609768391,10,10
1,7,0.147461644,0.951649245,0.78699795,2.113776684,10,10
1,8,0.143385703,0.957369782,0.78340753,0.589044571,10,10
1,9,0.135461186,1.048428294,0.802568655,0.592437744,10,10
1,10,0.148313921,0.920908441,0.77978684,0.567859888,10,10
2,1,0.143592087,1.018942709,0.798563598,0.574563503,10,10
2,2,0.138419607,0.957165175,0.783729022,0.56766057,10,10
2,3,0.138758729,1.032289676,0.801936929,2.165975571,10,10
2,4,0.142904013,0.948838539,0.780534383,0.571367741,10,10
2,5,0.142440396,1.067017235,0.800522545,0.610509872,10,10
2,6,0.133847884,1.000181848,0.795070493,0.597906828,10,10
2,7,0.139778711,0.973262219,0.794197433,0.569799423,10,10
2,8,0.141283743,0.9899224,0.790272224,0.563650846,10,10
2,9,0.141340262,0.978225286,0.789262518,0.602929831,10,10
2,10,0.142761279,0.976634549,0.789458893,0.574774981,10,10
3,1,0.138249275,1.011078833,0.800020617,0.608157635,10,10
3,2,0.142054005,0.92929189,0.777299862,0.577916384,10,10
3,3,0.14044638,1.046479368,0.797172793,2.16041398,10,10
3,4,0.141138754,0.965219051,0.7883902,0.610037565,10,10
3,5,0.146690945,0.986335158,0.789743136,0.61493969,10,10
3,6,0.144871763,0.939330819,0.782343206,0.600777149,10,10
3,7,0.129599718,1.040231652,0.810348403,2.177109241,10,10
3,8,0.133217832,1.072105116,0.80381455,0.601657152,10,10
3,9,0.145100156,1.015327658,0.798276434,0.581177235,10,10
3,10,0.146328472,0.950699226,0.780170788,0.601950645,10,10
4,1,0.145176132,0.954651867,0.784102334,0.564110756,10,10
4,2,0.139097926,0.991551579,0.787619793,0.595762491,10,10
4,3,0.13501765,1.016207335,0.802055949,0.56445384,10,10
4,4,0.132593823,0.967614249,0.786978507,0.611235619,10,10
4,5,0.138998423,0.986495654,0.794648351,2.172153234,10,10
4,6,0.140064127,0.988580399,0.79146086,0.603681087,10,10
4,7,0.144251625,0.995731828,0.792806592,0.580303907,10,10
4,8,0.146608073,1.010897589,0.789841447,0.603956938,10,10
4,9,0.142735714,1.009848256,0.795497011,0.595243692,10,10
4,10,0.139854077,1.016224367,0.797969582,0.554020882,10,10
5,1,0.132540688,1.063195209,0.804174121,0.597879648,10,10
5,2,0.138098036,1.038628286,0.800067464,0.588816166,10,10
5,3,0.143702479,1.001312658,0.795978697,0.560066223,10,10
5,4,0.139264839,1.015612122,0.795653091,2.156160831,10,10
5,5,0.146507288,0.939603313,0.77767752,2.156091213,10,10
5,6,0.138147276,0.970246756,0.790293223,0.576490402,10,10
5,7,0.147880813,0.962988339,0.78429113,0.618921041,10,10
5,8,0.133271934,1.019081745,0.804122293,0.60221839,10,10
5,9,0.146931696,0.91556436,0.778917784,0.593370438,10,10
5,10,0.142250582,0.993238479,0.788646942,0.608488083,10,10
1,1,0.140882523,1.073057637,0.788555584,29.82081938,11,11
1,2,0.140680621,1.060781075,0.789714376,26.90607262,11,11
1,3,0.138178341,1.08859396,0.796336759,27.32380319,11,11
1,4,0.134872557,1.09464525,0.795561496,26.92938519,11,11
1,5,0.131717017,1.094103894,0.795916697,26.971421,11,11
1,6,0.144496666,1.06677702,0.788470843,28.71951842,11,11
1,7,0.148096304,1.011122035,0.783738098,24.32288814,11,11
1,8,0.143842953,1.006355528,0.781127009,26.78068924,11,11
1,9,0.137156041,1.104893163,0.798167197,26.8067286,11,11
1,10,0.148479257,0.984262944,0.777591654,26.60681581,11,11
2,1,0.14440852,1.08458813,0.793863921,25.21235561,11,11
2,2,0.139371251,1.005225129,0.778037614,26.82839847,11,11
2,3,0.139909102,1.091467876,0.798098619,25.05806971,11,11
2,4,0.143476706,1.00718523,0.777721177,25.18116283,11,11
2,5,0.14304499,1.144620354,0.799388361,28.70937467,11,11
2,6,0.134588319,1.074839185,0.792961336,26.53593969,11,11
2,7,0.140133112,1.042660738,0.791853448,27.18923545,11,11
2,8,0.141293992,1.063279056,0.788027854,26.96024466,11,11
2,9,0.14215227,1.032227659,0.785614389,24.86131907,11,11
2,10,0.143852722,1.032100494,0.783837888,25.10069609,11,11
3,1,0.138401188,1.073222373,0.797043272,24.91076303,11,11
3,2,0.142890419,0.981094813,0.774037257,25.8353374,11,11
3,3,0.142258406,1.102443615,0.792156292,24.73773527,11,11
3,4,0.142909539,1.017087868,0.780225258,27.20242739,11,11
3,5,0.146730497,1.049237427,0.788638132,27.61337304,11,11
3,6,0.144632393,1.006087161,0.781081854,27.30294299,11,11
3,7,0.129668563,1.123572756,0.807279013,26.51228476,11,11
3,8,0.133835352,1.135737512,0.80063774,26.78338623,11,11
3,9,0.145331056,1.080119892,0.79711608,28.52265096,11,11
3,10,0.147510289,1.004764344,0.776655485,26.57633257,11,11
4,1,0.145364805,1.025602593,0.781146522,27.08640957,11,11
4,2,0.139729301,1.050049467,0.785266051,24.80181408,11,11
4,3,0.135791883,1.075697974,0.797879803,26.59005833,11,11
4,4,0.132680922,1.030606064,0.785561816,27.12796283,11,11
4,5,0.139457214,1.038046095,0.791461719,26.57305193,11,11
4,6,0.141639789,1.037670007,0.785400597,24.70935345,11,11
4,7,0.145464622,1.069463962,0.78936851,27.12946773,11,11
4,8,0.147199547,1.060638787,0.7883323,25.57167053,11,11
4,9,0.143238052,1.087110942,0.793302477,25.43788314,11,11
4,10,0.14037701,1.092268546,0.793962948,24.83478832,11,11
5,1,0.133174213,1.143863344,0.801411824,25.87021661,11,11
5,2,0.138609247,1.098887304,0.796713567,26.25475073,11,11
5,3,0.145155329,1.059553842,0.791450935,25.43850183,11,11
5,4,0.140135994,1.081450642,0.791611188,26.06230402,11,11
5,5,0.146574836,1.011785119,0.775989079,25.22663856,11,11
5,6,0.139256087,1.024786878,0.785617679,26.88312602,11,11
5,7,0.14780162,1.02407632,0.782263283,27.08185601,11,11
5,8,0.134182239,1.095562913,0.799036118,26.55988622,11,11
5,9,0.147827941,0.959861102,0.775833713,28.46002936,11,11
5,10,0.142689519,1.058297524,0.786535419,26.90098906,11,11
1,1,0.141025064,1.032397167,0.788617532,11.89032769,12,12
1,2,0.140221526,1.036536516,0.791590839,11.97886443,12,12
1,3,0.138308077,1.080633069,0.795950659,12.30973649,12,12
1,4,0.134328209,1.08209083,0.796966723,10.63737702,12,12
1,5,0.13175417,1.078264183,0.795604805,12.09141207,12,12
1,6,0.144834263,1.05525902,0.787044401,10.4887054,12,12
1,7,0.147584979,0.99673248,0.785594627,11.79924941,12,12
1,8,0.143841311,1.001487807,0.781015872,11.88447142,12,12
1,9,0.136570563,1.087921232,0.799798302,11.96112084,12,12
1,10,0.148680493,0.96983554,0.776563788,10.31022859,12,12
2,1,0.144324867,1.058431851,0.794225339,12.08132958,12,12
2,2,0.139141754,0.986160069,0.778421876,12.15684891,12,12
2,3,0.140247222,1.078610547,0.796997324,12.11901522,12,12
2,4,0.143401712,0.998242309,0.777980208,12.10043311,12,12
2,5,0.143387685,1.120130766,0.797469459,11.92305923,12,12
2,6,0.134323885,1.063305908,0.793787518,11.93071318,12,12
2,7,0.140528998,1.022768269,0.790177365,10.40151954,12,12
2,8,0.141590028,1.04631687,0.787284329,10.55399799,12,12
2,9,0.141977276,1.0130152,0.786525204,12.03911781,12,12
2,10,0.143617321,1.02420423,0.784145574,12.03382659,12,12
3,1,0.138292571,1.061106423,0.797108241,12.17859125,12,12
3,2,0.142690099,0.976868045,0.774142008,10.07534719,12,12
3,3,0.142199469,1.086040418,0.792705545,11.8994863,12,12
3,4,0.141885187,1.004558984,0.78442748,10.65612435,12,12
3,5,0.147830291,1.027181742,0.785294772,10.84333372,12,12
3,6,0.144988421,0.985958711,0.780564164,10.51205921,12,12
3,7,0.129620384,1.098435448,0.807521702,12.02437091,12,12
3,8,0.133512698,1.118653437,0.800748126,12.09831595,12,12
3,9,0.145586986,1.066340119,0.796419439,12.08147001,12,12
3,10,0.147444898,1.00006637,0.77647573,11.86226416,12,12
4,1,0.145193893,1.005445968,0.782096378,10.40995979,12,12
4,2,0.139345967,1.035176122,0.786242219,11.84785438,12,12
4,3,0.136154461,1.058708382,0.79711911,10.29166365,12,12
4,4,0.132705745,1.020582912,0.785384932,10.59770823,12,12
4,5,0.139622239,1.026228337,0.791035233,13.88845325,12,12
4,6,0.141273526,1.029275285,0.785922594,11.9310112,12,12
4,7,0.145515307,1.049817551,0.788424562,12.11939883,12,12
4,8,0.147168693,1.048787318,0.787822079,12.24092269,12,12
4,9,0.143515904,1.067546315,0.791883374,11.95959091,12,12
4,10,0.140893309,1.070183472,0.791847424,11.75486302,12,12
5,1,0.132899433,1.117127509,0.802130571,10.18928838,12,12
5,2,0.138682243,1.086424334,0.796897474,11.77350473,12,12
5,3,0.145585017,1.045597474,0.789276327,12.22902131,12,12
5,4,0.139822558,1.061700859,0.792200939,11.88934326,12,12
5,5,0.146677591,0.998618308,0.776231232,10.66279101,12,12
5,6,0.139119927,1.007359185,0.786508187,10.42257619,12,12
5,7,0.148681233,1.013835298,0.778816797,10.70270061,12,12
5,8,0.134180837,1.073089865,0.797880371,11.75797868,12,12
5,9,0.147704879,0.950607544,0.776035581,11.98195052,12,12
5,10,0.142503455,1.049248861,0.786874342,12.0407207,12,12
1,1,0.140005646,0.988095076,0.791853437,14.32119799,13,13
1,2,0.140257751,0.972501007,0.793437498,10.98513865,13,13
1,3,0.138745474,0.987747221,0.793687032,11.22893262,13,13
1,4,0.134831346,0.989664261,0.800370336,10.43902683,13,13
1,5,0.131786055,1.012172455,0.796386584,8.812299252,13,13
1,6,0.143757957,1.006959111,0.790233649,9.75923562,13,13
1,7,0.147678626,0.927749768,0.786399341,10.75183034,13,13
1,8,0.143780992,0.957193854,0.782943932,12.98631954,13,13
1,9,0.135558839,1.027263705,0.800548068,9.578464985,13,13
1,10,0.149075169,0.9012276,0.779177825,11.00947356,13,13
2,1,0.144178195,0.985514141,0.796392966,11.12695885,13,13
2,2,0.139463906,0.932106495,0.780674195,13.49810076,13,13
2,3,0.139409263,1.023295244,0.800497726,9.447637558,13,13
2,4,0.142329507,0.945864691,0.782861965,9.453461647,13,13
2,5,0.14270837,1.041655271,0.800456928,11.28481293,13,13
2,6,0.133690369,0.995729091,0.794353208,9.640545607,13,13
2,7,0.140661767,0.949827007,0.792410852,10.95864511,13,13
2,8,0.140737817,0.974097671,0.790999861,10.90303254,13,13
2,9,0.141777412,0.964002624,0.786940876,11.09526324,13,13
2,10,0.144148954,0.943642767,0.785214176,8.444900036,13,13
3,1,0.138836795,0.979706825,0.797366561,9.871991158,13,13
3,2,0.14264328,0.917308601,0.775500765,11.24517918,13,13
3,3,0.141435365,1.021445821,0.795369365,8.620867014,13,13
3,4,0.1417589,0.956951559,0.786423274,11.4511714,13,13
3,5,0.147787863,0.943647384,0.787586971,10.35148764,13,13
3,6,0.145153836,0.934367422,0.782468802,11.35743594,13,13
3,7,0.12999328,0.988852467,0.808895697,11.18072891,13,13
3,8,0.133495437,1.060070554,0.801552576,11.20923042,13,13
3,9,0.144568343,1.012589368,0.799758667,11.22960567,13,13
3,10,0.146882018,0.936362387,0.778221453,10.32733774,13,13
4,1,0.146254878,0.916677867,0.782242685,11.00720811,13,13
4,2,0.139167652,0.977033218,0.786470173,9.846163273,13,13
4,3,0.135561489,1.012263842,0.800597305,9.95382452,13,13
4,4,0.1320797,0.957334896,0.787743604,11.61333036,13,13
4,5,0.138525701,0.984360123,0.795026551,9.853567839,13,13
4,6,0.141308498,0.949115113,0.788316909,9.416791677,13,13
4,7,0.145083188,0.98263106,0.791123946,14.20403481,13,13
4,8,0.146476071,1.00117456,0.790149626,9.700948,13,13
4,9,0.142846437,0.996566379,0.794566617,9.997594833,13,13
4,10,0.139982383,0.998354962,0.796806351,10.84725595,13,13
5,1,0.13287162,1.048009504,0.802411367,11.28899503,13,13
5,2,0.138178732,1.02041953,0.798699121,11.09904838,13,13
5,3,0.14465978,0.989241387,0.794231529,11.60398984,13,13
5,4,0.139316225,0.997444902,0.794295498,9.992851019,13,13
5,5,0.145978502,0.940060812,0.779055104,11.18939018,13,13
5,6,0.13883124,0.952442596,0.788775431,11.15650415,13,13
5,7,0.148182622,0.934112608,0.783428921,11.51066995,13,13
5,8,0.133009248,0.993546929,0.803891167,11.18795085,13,13
5,9,0.147254183,0.913546474,0.778518882,11.35237169,13,13
5,10,0.143468765,0.967613988,0.786099012,12.991678,13,13
1,1,0.139879439,1.012114727,0.791105328,32.24944353,14,14
1,2,0.139531604,0.997802133,0.795536589,26.31161332,14,14
1,3,0.13813113,1.010503458,0.795917856,27.27753663,14,14
1,4,0.133715151,1.042293013,0.800001198,24.83374214,14,14
1,5,0.130999812,1.045434399,0.798374594,24.53139997,14,14
1,6,0.143539402,1.032440292,0.790569098,24.84965324,14,14
1,7,0.147962577,0.939841193,0.7859219,25.98983121,14,14
1,8,0.143207971,0.974246746,0.782684719,23.22210622,14,14
1,9,0.135307104,1.061181116,0.801966865,24.48420882,14,14
1,10,0.148469316,0.930878482,0.779357192,22.16388798,14,14
2,1,0.143674671,1.02083018,0.797686228,24.48605585,14,14
2,2,0.138594098,0.968148191,0.782493998,22.04353309,14,14
2,3,0.138722704,1.048923488,0.801474448,24.35872674,14,14
2,4,0.142824449,0.956210522,0.780127599,23.64491963,14,14
2,5,0.141937859,1.080141008,0.801210047,28.24234009,14,14
2,6,0.133734727,1.011181068,0.794306975,25.46574664,14,14
2,7,0.139852383,0.980179884,0.793398482,23.81586051,14,14
2,8,0.140836672,0.99527763,0.790225792,23.74892449,14,14
2,9,0.141451088,0.980139419,0.78769719,22.52626395,14,14
2,10,0.142807036,0.983950257,0.788186944,23.89006281,14,14
3,1,0.137900789,1.014020189,0.79944975,24.96952939,14,14
3,2,0.142222862,0.940608625,0.776210179,24.0497756,14,14
3,3,0.140457019,1.059818423,0.796047697,26.19683075,14,14
3,4,0.141455114,0.977172765,0.786836612,25.11724758,14,14
3,5,0.146744556,0.987120417,0.789716881,25.211272,14,14
3,6,0.144659786,0.951609143,0.782068301,26.43592572,14,14
3,7,0.129384589,1.027973629,0.809965916,27.49331117,14,14
3,8,0.132674915,1.094522547,0.803725179,28.01458955,14,14
3,9,0.144904487,1.027700637,0.797864838,27.54952717,14,14
3,10,0.146410718,0.961097573,0.779541336,27.90684509,14,14
4,1,0.145129935,0.956654735,0.783747976,25.15319753,14,14
4,2,0.138677893,1.004472877,0.787514006,24.03217506,14,14
4,3,0.134975111,1.03364257,0.80127668,23.04358411,14,14
4,4,0.131940507,0.984459985,0.786798712,24.8594954,14,14
4,5,0.139046137,1.000171069,0.793940475,22.84732628,14,14
4,6,0.140353354,0.987661863,0.789763095,23.70839667,14,14
4,7,0.144351877,1.010497243,0.792643142,22.32133484,14,14
4,8,0.146402156,1.015342615,0.78937885,23.43342638,14,14
4,9,0.142868426,1.013652299,0.794934233,23.33982778,14,14
4,10,0.139706718,1.024409287,0.797155651,23.00658131,14,14
5,1,0.132192263,1.078289951,0.80410206,22.94000363,14,14
5,2,0.13776827,1.049474684,0.799444364,26.0663898,14,14
5,3,0.143758655,1.015078863,0.795142298,26.31822729,14,14
5,4,0.139352618,1.01941648,0.794672197,27.2560966,14,14
5,5,0.146032544,0.957130397,0.777737064,24.42298865,14,14
5,6,0.138370574,0.983434969,0.788921032,25.24562263,14,14
5,7,0.147719143,0.965879838,0.783428921,27.11760616,14,14
5,8,0.132948363,1.012718072,0.804118671,26.0333209,14,14
5,9,0.147020356,0.924480344,0.778407474,27.89567327,14,14
5,10,0.142505832,0.999972047,0.787569147,28.06237721,14,14
1,1,0.139874493,1.011927505,0.7911185,59.78688598,15,15
1,2,0.139517173,0.997763399,0.795572565,47.08977008,15,15
1,3,0.138127644,1.010216483,0.795922569,48.17230153,15,15
1,4,0.133717527,1.041594864,0.799989926,53.0696671,15,15
1,5,0.130995428,1.045200645,0.798406651,54.14088249,15,15
1,6,0.143545895,1.031914996,0.790575368,48.07287812,15,15
1,7,0.14795009,0.939996079,0.785940095,45.78481984,15,15
1,8,0.143194862,0.973959205,0.782718484,50.62692714,15,15
1,9,0.135311276,1.060606884,0.801958372,57.16039205,15,15
1,10,0.148454793,0.930760295,0.779383339,50.79288816,15,15
2,1,0.143661699,1.020724087,0.797701256,36.28427172,15,15
2,2,0.138588785,0.967962343,0.782516212,48.38176227,15,15
2,3,0.138718421,1.048616548,0.801493981,51.4467144,15,15
2,4,0.142813058,0.956220898,0.780144106,31.32886362,15,15
2,5,0.141941943,1.079517829,0.801183693,54.49649549,15,15
2,6,0.133733276,1.010692545,0.794321781,34.09385967,15,15
2,7,0.1398424,0.97985835,0.793415906,50.95294833,15,15
2,8,0.140834604,0.99502039,0.790233674,46.90151739,15,15
2,9,0.141446659,0.980105035,0.787714333,33.98911881,15,15
2,10,0.142805496,0.983395635,0.788207909,51.54687238,15,15
3,1,0.137904581,1.013714137,0.799432251,37.92869091,15,15
3,2,0.142214457,0.940465374,0.776221492,50.26010084,15,15
3,3,0.1404572,1.059428309,0.796057519,36.66319656,15,15
3,4,0.141448932,0.977048264,0.78685057,52.59442139,15,15
3,5,0.146758114,0.986438148,0.789743136,53.95396352,15,15
3,6,0.144655523,0.9512299,0.782063408,52.18622637,15,15
3,7,0.129390728,1.027572219,0.809955147,53.86915112,15,15
3,8,0.132670466,1.094123899,0.803732223,57.826859,15,15
3,9,0.144888839,1.027471946,0.797906258,36.43725991,15,15
3,10,0.146400684,0.96087346,0.779589669,39.53704309,15,15
4,1,0.145142832,0.956094371,0.783741637,50.66157222,15,15
4,2,0.138687709,1.00416923,0.787479881,50.69244623,15,15
4,3,0.13496588,1.033445765,0.801283435,35.75755692,15,15
4,4,0.131941326,0.984160324,0.786780603,36.37636209,15,15
4,5,0.139035339,0.999954312,0.793954509,46.83650804,15,15
4,6,0.140343895,0.987492651,0.789816847,50.75514007,15,15
4,7,0.144353887,1.009896402,0.792634494,49.88404989,15,15
4,8,0.146398028,1.01511036,0.789389346,34.10938692,15,15
4,9,0.142867512,1.013425831,0.794948005,25.74578214,15,15
4,10,0.139701025,1.0242808,0.797168237,50.06910038,15,15
5,1,0.132201319,1.077940647,0.804109836,51.60380316,15,15
5,2,0.137764298,1.049125277,0.799488197,53.07230783,15,15
5,3,0.143759914,1.014616095,0.795152284,53.31356192,15,15
5,4,0.13935708,1.019071723,0.794656958,47.93905616,15,15
5,5,0.146022741,0.956910663,0.77777672,26.34328437,15,15
5,6,0.138364933,0.983046122,0.788934322,40.18012214,15,15
5,7,0.147716428,0.965670362,0.783451357,35.67358637,15,15
5,8,0.132952241,1.012355026,0.804130473,51.5244894,15,15
5,9,0.147002731,0.924500434,0.778438434,54.26874804,15,15
5,10,0.142502889,0.999711922,0.787603733,55.67662406,15,15
1,1,0.189197333,0.845171915,0.785391507,9.402123451,16,16
1,2,0.183447624,0.879339398,0.794487269,9.37947011,16,16
1,3,0.187178884,0.835583629,0.786878808,7.968066692,16,16
1,4,0.185436796,0.882400074,0.797505285,8.067361116,16,16
1,5,0.182585721,0.895378431,0.797979427,8.032753468,16,16
1,6,0.187146215,0.854622086,0.785101983,7.939614773,16,16
1,7,0.197035905,0.804308706,0.78057661,7.637563705,16,16
1,8,0.187769682,0.836796022,0.781629452,7.919139624,16,16
1,9,0.177003698,0.888008935,0.796642421,7.88291049,16,16
1,10,0.192550164,0.776830543,0.773158992,7.83384037,16,16
2,1,0.186801972,0.868704308,0.794408552,8.003957033,16,16
2,2,0.185735381,0.798330267,0.774596024,6.296508312,16,16
2,3,0.182497143,0.877050492,0.796625777,7.83407855,16,16
2,4,0.193324806,0.817840842,0.776160761,6.305191994,16,16
2,5,0.188895189,0.918355204,0.798117699,8.011752367,16,16
2,6,0.175392015,0.864191116,0.791873133,7.760944843,16,16
2,7,0.185571579,0.835654841,0.790633653,7.795656681,16,16
2,8,0.195887795,0.836623364,0.785879304,7.804115534,16,16
2,9,0.190704583,0.833554339,0.78211092,7.91046977,16,16
2,10,0.189229744,0.814874327,0.779969447,7.866779089,16,16
3,1,0.188145868,0.844705655,0.790499522,8.106535673,16,16
3,2,0.186518252,0.796392456,0.77346961,7.839779615,16,16
3,3,0.184617236,0.894858152,0.795168356,6.280250549,16,16
3,4,0.185987857,0.819702169,0.781490493,8.04660511,16,16
3,5,0.188899689,0.841538188,0.785726462,8.072760105,16,16
3,6,0.190103663,0.819407029,0.781230285,7.919994831,16,16
3,7,0.18662523,0.890732845,0.805081991,7.840217829,16,16
3,8,0.186458512,0.892919023,0.795920849,7.982381582,16,16
3,9,0.186154349,0.872342219,0.793360365,7.992241859,16,16
3,10,0.190164744,0.802993651,0.77345424,7.927229881,16,16
4,1,0.188068026,0.820157046,0.779618536,6.190122366,16,16
4,2,0.192259856,0.849077948,0.784608416,6.410438538,16,16
4,3,0.176166489,0.874070728,0.797131061,7.781225204,16,16
4,4,0.187314723,0.83356403,0.781969481,8.139953852,16,16
4,5,0.177388525,0.846153807,0.789385306,8.047818899,16,16
4,6,0.189898868,0.831518399,0.784597763,7.846042395,16,16
4,7,0.186388689,0.839922463,0.78665356,6.308830738,16,16
4,8,0.194363915,0.863615696,0.786471286,6.435651302,16,16
4,9,0.188940285,0.855489117,0.78989132,6.512233734,16,16
4,10,0.191277661,0.851828656,0.790902092,7.714913368,16,16
5,1,0.18387339,0.906385012,0.79966265,6.315671921,16,16
5,2,0.183064478,0.878996798,0.794523923,7.798231602,16,16
5,3,0.181198704,0.823098801,0.7852541,8.010373116,16,16
5,4,0.191258056,0.878964181,0.79226349,7.869819641,16,16
5,5,0.193005876,0.820435612,0.776847402,7.882101774,16,16
5,6,0.182116048,0.823131818,0.783194342,6.351253986,16,16
5,7,0.193431521,0.82433394,0.782704964,8.127220392,16,16
5,8,0.183958244,0.881208061,0.800988303,8.068022251,16,16
5,9,0.19459887,0.773627583,0.772995129,6.481901169,16,16
5,10,0.187533155,0.859497111,0.784319334,8.048349619,16,16
1,1,0.140230712,0.998255834,0.791870724,19.27286029,17,17
1,2,0.139393279,0.993772707,0.796429663,11.29545593,17,17
1,3,0.138864819,0.996980178,0.795122466,14.17852807,17,17
1,4,0.133519723,1.042349403,0.801342143,11.42801023,17,17
1,5,0.131145381,1.043571359,0.799634214,13.95427299,17,17
1,6,0.143843958,1.003097692,0.790619912,13.29924726,17,17
1,7,0.147461701,0.951661174,0.786997632,10.16064048,17,17
1,8,0.143385709,0.95738211,0.783406366,13.07505941,17,17
1,9,0.135461235,1.048441957,0.802567492,13.91923165,17,17
1,10,0.14831386,0.920924924,0.77978684,12.31071448,17,17
2,1,0.143592131,1.018955932,0.798563598,14.10805392,17,17
2,2,0.1384196,0.957178576,0.783732111,13.05413008,17,17
2,3,0.13875875,1.032304318,0.801940076,14.50121927,17,17
2,4,0.142903977,0.948853125,0.780536807,14.24728703,17,17
2,5,0.142440463,1.067030624,0.800520931,14.65819669,17,17
2,6,0.133847919,1.00019415,0.79507078,11.98619676,17,17
2,7,0.139778734,0.973273892,0.794196837,12.02274418,17,17
2,8,0.141283753,0.989935043,0.790274687,15.00889611,17,17
2,9,0.141340275,0.978239631,0.789263047,12.31650925,17,17
2,10,0.142761261,0.976648473,0.78945962,12.63850045,17,17
3,1,0.138249267,1.011092047,0.800021483,12.70832777,17,17
3,2,0.142054021,0.929305284,0.777299719,14.33173871,17,17
3,3,0.140446401,1.046493846,0.797172893,13.31188798,17,17
3,4,0.141138787,0.965231544,0.788391628,13.61404824,17,17
3,5,0.14669097,0.986348413,0.789741614,11.74767756,17,17
3,6,0.144871739,0.93934374,0.782343332,13.38989425,17,17
3,7,0.129599735,1.040242607,0.810348892,14.34060502,17,17
3,8,0.133217883,1.072118207,0.803813857,15.51852274,17,17
3,9,0.145100181,1.015342002,0.79827674,15.65645885,17,17
3,10,0.146328463,0.950715849,0.780170171,16.24319148,17,17
4,1,0.145176172,0.954664763,0.78410208,13.55765033,17,17
4,2,0.13909796,0.991565527,0.787620183,13.3999002,17,17
4,3,0.135017687,1.016220383,0.802056209,8.867618799,17,17
4,4,0.13259377,0.967627342,0.786979639,14.06526685,17,17
4,5,0.138998418,0.986508886,0.794650016,10.24205327,17,17
4,6,0.140064107,0.988593488,0.791461636,13.84897828,17,17
4,7,0.144251661,0.995745994,0.792808466,14.041888,17,17
4,8,0.146608114,1.010911186,0.789841578,14.57619119,17,17
4,9,0.142735753,1.009861706,0.795496763,13.32458448,17,17
4,10,0.139854094,1.016237776,0.797970742,11.09301949,17,17
5,1,0.132540736,1.063207215,0.804175764,13.32133079,17,17
5,2,0.13809811,1.038641942,0.800066685,15.83298707,17,17
5,3,0.143702508,1.001326573,0.795977058,13.05010724,17,17
5,4,0.139264848,1.015625059,0.795650601,10.55098629,17,17
5,5,0.146507283,0.939615585,0.777677882,13.09134126,17,17
5,6,0.138147261,0.970260018,0.790292523,13.96562481,17,17
5,7,0.147880814,0.96300221,0.784290916,14.24589324,17,17
5,8,0.133271958,1.019095193,0.804121592,14.58276844,17,17
5,9,0.146931673,0.915578673,0.778919511,14.2624855,17,17
5,10,0.142250579,0.993252455,0.788646008,16.05437207,17,17
1,1,0.140230712,0.998255834,0.791870724,48.52096272,18,18
1,2,0.139393279,0.993772707,0.796429663,40.31121564,18,18
1,3,0.138864819,0.996980178,0.795122466,47.83289027,18,18
1,4,0.133519723,1.042349403,0.801342143,43.95987058,18,18
1,5,0.131145381,1.043571359,0.799634214,47.95722437,18,18
1,6,0.143843958,1.003097692,0.790619912,43.78193903,18,18
1,7,0.147461701,0.951661174,0.786997632,37.48314762,18,18
1,8,0.143385709,0.95738211,0.783406366,48.12451744,18,18
1,9,0.135461235,1.048441957,0.802567492,47.60045004,18,18
1,10,0.14831386,0.920924924,0.77978684,45.25273323,18,18
2,1,0.143592131,1.018955932,0.798563598,49.64676619,18,18
2,2,0.1384196,0.957178576,0.783732111,47.79313302,18,18
2,3,0.13875875,1.032304318,0.801940076,44.46717095,18,18
2,4,0.142903977,0.948853125,0.780536807,40.54940486,18,18
2,5,0.142440463,1.067030624,0.800520931,51.77060986,18,18
2,6,0.133847919,1.00019415,0.79507078,46.05696011,18,18
2,7,0.139778734,0.973273892,0.794196837,45.91552091,18,18
2,8,0.141283753,0.989935043,0.790274687,46.15404224,18,18
2,9,0.141340275,0.978239631,0.789263047,43.84122944,18,18
2,10,0.142761261,0.976648473,0.78945962,45.74867058,18,18
3,1,0.138249267,1.011092047,0.800021483,42.4087441,18,18
3,2,0.142054021,0.929305284,0.777299719,45.39910817,18,18
3,3,0.140446401,1.046493846,0.797172893,45.24647069,18,18
3,4,0.141138787,0.965231544,0.788391628,45.84799194,18,18
3,5,0.14669097,0.986348413,0.789741614,45.77118587,18,18
3,6,0.144871739,0.93934374,0.782343332,45.39046407,18,18
3,7,0.129599735,1.040242607,0.810348892,45.79514217,18,18
3,8,0.133217883,1.072118207,0.803813857,48.52591586,18,18
3,9,0.145100181,1.015342002,0.79827674,48.58704948,18,18
3,10,0.146328463,0.950715849,0.780170171,48.59917116,18,18
4,1,0.145176172,0.954664763,0.78410208,49.36036301,18,18
4,2,0.13909796,0.991565527,0.787620183,46.49085951,18,18
4,3,0.135017687,1.016220383,0.802056209,37.22501969,18,18
4,4,0.13259377,0.967627342,0.786979639,41.5829432,18,18
4,5,0.138998418,0.986508886,0.794650016,39.75716877,18,18
4,6,0.140064107,0.988593488,0.791461636,42.82181501,18,18
4,7,0.144251661,0.995745994,0.792808466,49.90512252,18,18
4,8,0.146608114,1.010911186,0.789841578,47.19033122,18,18
4,9,0.142735753,1.009861706,0.795496763,46.06987214,18,18
4,10,0.139854094,1.016237776,0.797970742,43.68711376,18,18
5,1,0.132540736,1.063207215,0.804175764,41.3682735,18,18
5,2,0.13809811,1.038641942,0.800066685,48.2971735,18,18
5,3,0.143702508,1.001326573,0.795977058,44.72040343,18,18
5,4,0.139264848,1.015625059,0.795650601,41.95469141,18,18
5,5,0.146507283,0.939615585,0.777677882,37.13772869,18,18
5,6,0.138147261,0.970260018,0.790292523,47.49210787,18,18
5,7,0.147880814,0.96300221,0.784290916,47.48916268,18,18
5,8,0.133271958,1.019095193,0.804121592,48.33905339,18,18
5,9,0.146931673,0.915578673,0.778919511,47.63003111,18,18
5,10,0.142250579,0.993252455,0.788646008,49.32382941,18,18
1,1,0.138932787,0.912277628,0.794263123,2.143199956,19,19
1,2,0.138738856,0.916117172,0.793419318,2.075324627,19,19
1,3,0.140339979,0.891300813,0.784091579,2.055827618,19,19
1,4,0.136553257,0.856722093,0.791156223,2.024898084,19,19
1,5,0.132313643,0.899320511,0.795472958,2.035453471,19,19
1,6,0.145797868,0.873873773,0.781934798,1.982317225,19,19
1,7,0.149123873,0.837083549,0.784571161,1.894527809,19,19
1,8,0.145114142,0.836877175,0.774945865,1.916585624,19,19
1,9,0.137269226,0.9115085,0.794776514,1.993959455,19,19
1,10,0.150317571,0.808839022,0.776176866,1.918115803,19,19
2,1,0.145368651,0.897289785,0.7909318,2.003104111,19,19
2,2,0.141454636,0.826381397,0.774585932,1.998613354,19,19
2,3,0.141701568,0.876601725,0.790721947,1.931148942,19,19
2,4,0.144114312,0.82210814,0.776809831,1.959261831,19,19
2,5,0.144744141,0.931182046,0.792732928,2.04189717,19,19
2,6,0.133973933,0.936227813,0.79513553,1.889327463,19,19
2,7,0.140582582,0.86836058,0.789888763,2.04817735,19,19
2,8,0.140912541,0.860898277,0.786041674,2.078916101,19,19
2,9,0.143477608,0.827664546,0.779417619,1.990405889,19,19
2,10,0.143351634,0.873148305,0.784240869,1.98068411,19,19
3,1,0.137714487,0.920102872,0.794828767,1.989069299,19,19
3,2,0.143180225,0.828904278,0.775411975,1.872864985,19,19
3,3,0.142928689,0.919198863,0.791766734,1.933521756,19,19
3,4,0.142336132,0.868466266,0.785494998,1.968808178,19,19
3,5,0.151534543,0.806520007,0.768958702,2.004822071,19,19
3,6,0.147544563,0.784607928,0.769546496,2.058957458,19,19
3,7,0.129837574,0.92554558,0.804613309,1.977726309,19,19
3,8,0.134890809,0.91374152,0.798812341,2.001584919,19,19
3,9,0.147107102,0.911551174,0.792719,2.022034049,19,19
3,10,0.147570622,0.825729816,0.77557518,1.933143107,19,19
4,1,0.145491137,0.852540743,0.781123502,1.973601913,19,19
4,2,0.140214802,0.863715887,0.783862807,1.92689565,19,19
4,3,0.136716107,0.913230771,0.794572216,1.940212452,19,19
4,4,0.134876396,0.809240452,0.76979653,2.044469635,19,19
4,5,0.141530227,0.86936753,0.782826171,1.939112401,19,19
4,6,0.141241095,0.889842766,0.78773028,1.940748247,19,19
4,7,0.147241656,0.840904276,0.783287286,1.966141566,19,19
4,8,0.149172494,0.83845228,0.78353015,1.982945136,19,19
4,9,0.144113828,0.891587653,0.792193058,1.944608212,19,19
4,10,0.139878575,0.916756302,0.793053571,1.883126597,19,19
5,1,0.134535802,0.906376937,0.798236425,1.916582541,19,19
5,2,0.138491362,0.934620105,0.797309186,1.849437352,19,19
5,3,0.145426062,0.909822011,0.79046913,2.020227889,19,19
5,4,0.139891482,0.886101456,0.791957318,1.928743521,19,19
5,5,0.147712926,0.840475652,0.772320182,1.940904597,19,19
5,6,0.13951475,0.86333456,0.785335956,1.917606282,19,19
5,7,0.149244869,0.820333979,0.775160163,2.072594364,19,19
5,8,0.13386815,0.937923869,0.799373261,2.25519348,19,19
5,9,0.150155395,0.773474212,0.76954246,1.941924302,19,19
5,10,0.143723482,0.857665952,0.780199972,1.982580121,19,19
