Model_number,reps,fold,brier,slope,auc,Variables,Penalty,Model,Approach
1,1,1,0.146690655,1.041714851,0.768813234,B,,Cox,Cox
1,1,2,0.146792814,1.013765663,0.769130032,B,,Cox,Cox
1,1,3,0.142327035,1.114972499,0.784585583,B,,Cox,Cox
1,1,4,0.140974572,1.031299217,0.772951932,B,,Cox,Cox
1,1,5,0.136865951,1.0334784,0.773870705,B,,Cox,Cox
1,1,6,0.151681222,1.026161004,0.770869299,B,,Cox,Cox
1,1,7,0.154676284,0.959188924,0.764197178,B,,Cox,Cox
1,1,8,0.151122751,0.959485128,0.759083346,B,,Cox,Cox
1,1,9,0.144532796,1.052230586,0.778318235,B,,Cox,Cox
1,1,10,0.155558224,0.957768579,0.758888601,B,,Cox,Cox
1,2,1,0.151142593,1.035737846,0.776955078,B,,Cox,Cox
1,2,2,0.144961204,0.962583667,0.756834779,B,,Cox,Cox
1,2,3,0.147401905,1.039569501,0.779156648,B,,Cox,Cox
1,2,4,0.148970085,0.973410629,0.760227033,B,,Cox,Cox
1,2,5,0.149871456,1.098648305,0.783302716,B,,Cox,Cox
1,2,6,0.141007549,1.049345682,0.773035431,B,,Cox,Cox
1,2,7,0.146962338,1.004840615,0.770677471,B,,Cox,Cox
1,2,8,0.145619532,1.052069228,0.770671833,B,,Cox,Cox
1,2,9,0.148454396,0.976113402,0.763856413,B,,Cox,Cox
1,2,10,0.151139997,0.966725347,0.759485326,B,,Cox,Cox
1,3,1,0.14378821,1.03244276,0.775617126,B,,Cox,Cox
1,3,2,0.149444368,0.942183567,0.754411646,B,,Cox,Cox
1,3,3,0.151262392,1.03165751,0.767830695,B,,Cox,Cox
1,3,4,0.14916949,0.958895065,0.758597631,B,,Cox,Cox
1,3,5,0.153191835,1.026971015,0.772062312,B,,Cox,Cox
1,3,6,0.149947117,0.990338187,0.764552285,B,,Cox,Cox
1,3,7,0.133097651,1.087728679,0.787267042,B,,Cox,Cox
1,3,8,0.138813883,1.092483695,0.783346512,B,,Cox,Cox
1,3,9,0.153580299,1.05637513,0.779756313,B,,Cox,Cox
1,3,10,0.155356308,0.955956392,0.756216772,B,,Cox,Cox
1,4,1,0.149928449,0.999584418,0.766613925,B,,Cox,Cox
1,4,2,0.144873842,1.01363126,0.768550791,B,,Cox,Cox
1,4,3,0.143114177,1.048700755,0.775465606,B,,Cox,Cox
1,4,4,0.137198337,0.998843212,0.764756414,B,,Cox,Cox
1,4,5,0.145836017,0.990532457,0.771147861,B,,Cox,Cox
1,4,6,0.149072196,0.97537358,0.760503445,B,,Cox,Cox
1,4,7,0.153683475,1.041450364,0.771370938,B,,Cox,Cox
1,4,8,0.15541324,1.010597805,0.767256462,B,,Cox,Cox
1,4,9,0.150642314,1.038932512,0.774055139,B,,Cox,Cox
1,4,10,0.145736444,1.042542007,0.774508048,B,,Cox,Cox
1,5,1,0.138171546,1.097145664,0.783867956,B,,Cox,Cox
1,5,2,0.144184947,1.059427492,0.777814036,B,,Cox,Cox
1,5,3,0.15468066,1.006942127,0.768960862,B,,Cox,Cox
1,5,4,0.146002843,1.020243465,0.771770103,B,,Cox,Cox
1,5,5,0.152526922,0.991061329,0.75964562,B,,Cox,Cox
1,5,6,0.145821657,0.975956222,0.764023658,B,,Cox,Cox
1,5,7,0.153501152,0.994304222,0.761648689,B,,Cox,Cox
1,5,8,0.139570843,1.048311448,0.780170832,B,,Cox,Cox
1,5,9,0.15553399,0.927487889,0.755981466,B,,Cox,Cox
1,5,10,0.148910628,1.019790193,0.767223632,B,,Cox,Cox
2,1,1,0.146268668,1.017064763,0.768950713,B,,Logistic,Logistic
2,1,2,0.146146103,0.998365172,0.769005396,B,,Logistic,Logistic
2,1,3,0.141640149,1.098268936,0.784562017,B,,Logistic,Logistic
2,1,4,0.140752155,1.024093851,0.773218396,B,,Logistic,Logistic
2,1,5,0.137223012,1.020397983,0.774029061,B,,Logistic,Logistic
2,1,6,0.149868272,1.005379193,0.770978372,B,,Logistic,Logistic
2,1,7,0.153296903,0.95046082,0.764704018,B,,Logistic,Logistic
2,1,8,0.150196337,0.941661687,0.75950884,B,,Logistic,Logistic
2,1,9,0.143017159,1.031324923,0.77858487,B,,Logistic,Logistic
2,1,10,0.153561049,0.93840399,0.758560075,B,,Logistic,Logistic
2,2,1,0.149186601,1.02278247,0.776977745,B,,Logistic,Logistic
2,2,2,0.144671964,0.939214956,0.75721301,B,,Logistic,Logistic
2,2,3,0.145539045,1.025041662,0.779441711,B,,Logistic,Logistic
2,2,4,0.148434375,0.962508003,0.760096017,B,,Logistic,Logistic
2,2,5,0.148569771,1.085666632,0.78297342,B,,Logistic,Logistic
2,2,6,0.140181545,1.027754759,0.773547533,B,,Logistic,Logistic
2,2,7,0.145884798,0.987341519,0.771068532,B,,Logistic,Logistic
2,2,8,0.145845071,1.033682773,0.77047108,B,,Logistic,Logistic
2,2,9,0.14782743,0.95931292,0.763995041,B,,Logistic,Logistic
2,2,10,0.149964287,0.950810804,0.759517319,B,,Logistic,Logistic
2,3,1,0.143619769,1.020494277,0.775465703,B,,Logistic,Logistic
2,3,2,0.148468136,0.922615728,0.754828931,B,,Logistic,Logistic
2,3,3,0.149460723,1.015581129,0.768069009,B,,Logistic,Logistic
2,3,4,0.148378495,0.934174704,0.75886933,B,,Logistic,Logistic
2,3,5,0.151356941,1.021238941,0.772424369,B,,Logistic,Logistic
2,3,6,0.148823423,0.972851964,0.764656927,B,,Logistic,Logistic
2,3,7,0.134101974,1.078994857,0.787367877,B,,Logistic,Logistic
2,3,8,0.138602138,1.076088307,0.783567744,B,,Logistic,Logistic
2,3,9,0.151190211,1.036690224,0.779541575,B,,Logistic,Logistic
2,3,10,0.153750277,0.936002231,0.756170393,B,,Logistic,Logistic
2,4,1,0.148994503,0.988392532,0.766710533,B,,Logistic,Logistic
2,4,2,0.144859836,0.99826228,0.768679003,B,,Logistic,Logistic
2,4,3,0.141696573,1.019287669,0.775544065,B,,Logistic,Logistic
2,4,4,0.137978896,0.979786314,0.765202828,B,,Logistic,Logistic
2,4,5,0.144747902,0.974287351,0.771385009,B,,Logistic,Logistic
2,4,6,0.148487434,0.959337915,0.760542234,B,,Logistic,Logistic
2,4,7,0.151154952,1.019196558,0.771426574,B,,Logistic,Logistic
2,4,8,0.153952001,0.995746064,0.767235865,B,,Logistic,Logistic
2,4,9,0.148755798,1.030557888,0.774193352,B,,Logistic,Logistic
2,4,10,0.14510656,1.026650787,0.774752371,B,,Logistic,Logistic
2,5,1,0.137845771,1.090473235,0.784132654,B,,Logistic,Logistic
2,5,2,0.143552019,1.044570909,0.777992139,B,,Logistic,Logistic
2,5,3,0.152150559,0.986358135,0.768748782,B,,Logistic,Logistic
2,5,4,0.145181594,1.006717794,0.77215238,B,,Logistic,Logistic
2,5,5,0.151299533,0.968054818,0.759734815,B,,Logistic,Logistic
2,5,6,0.144950107,0.95781073,0.764340039,B,,Logistic,Logistic
2,5,7,0.153020452,0.978365255,0.761943784,B,,Logistic,Logistic
2,5,8,0.139395347,1.036218682,0.780049076,B,,Logistic,Logistic
2,5,9,0.153889936,0.905000309,0.756252158,B,,Logistic,Logistic
2,5,10,0.148119314,1.004427733,0.767166745,B,,Logistic,Logistic
3,1,1,0.144022244,0.974908166,0.783458052,B + CCI,,Cox,Cox
3,1,2,0.143272657,0.965027774,0.786478208,B + CCI,,Cox,Cox
3,1,3,0.141570374,1.013768217,0.791608349,B + CCI,,Cox,Cox
3,1,4,0.141107048,0.92795578,0.786383048,B + CCI,,Cox,Cox
3,1,5,0.135494565,0.987896856,0.791463198,B + CCI,,Cox,Cox
3,1,6,0.147084127,0.959211174,0.782402192,B + CCI,,Cox,Cox
3,1,7,0.151766557,0.905366477,0.776057883,B + CCI,,Cox,Cox
3,1,8,0.148179203,0.920294118,0.773086441,B + CCI,,Cox,Cox
3,1,9,0.139251826,0.98941102,0.79249678,B + CCI,,Cox,Cox
3,1,10,0.150379499,0.918956672,0.773851598,B + CCI,,Cox,Cox
3,2,1,0.14685476,0.967431925,0.786255374,B + CCI,,Cox,Cox
3,2,2,0.144889353,0.897621615,0.76908748,B + CCI,,Cox,Cox
3,2,3,0.141033913,1.006717526,0.796380104,B + CCI,,Cox,Cox
3,2,4,0.147558629,0.903784766,0.774319727,B + CCI,,Cox,Cox
3,2,5,0.145535868,1.040873608,0.795948564,B + CCI,,Cox,Cox
3,2,6,0.1384623,0.967627655,0.786265715,B + CCI,,Cox,Cox
3,2,7,0.144727202,0.92824718,0.782894782,B + CCI,,Cox,Cox
3,2,8,0.14581023,0.955482249,0.782437068,B + CCI,,Cox,Cox
3,2,9,0.144847843,0.94182989,0.778959628,B + CCI,,Cox,Cox
3,2,10,0.146106753,0.939643863,0.778299408,B + CCI,,Cox,Cox
3,3,1,0.141849616,0.973284476,0.789064991,B + CCI,,Cox,Cox
3,3,2,0.145720928,0.905990401,0.77028419,B + CCI,,Cox,Cox
3,3,3,0.145436115,0.984376172,0.785308086,B + CCI,,Cox,Cox
3,3,4,0.146319211,0.920158934,0.772611329,B + CCI,,Cox,Cox
3,3,5,0.148773635,0.960766778,0.785242452,B + CCI,,Cox,Cox
3,3,6,0.148347574,0.900792229,0.775092911,B + CCI,,Cox,Cox
3,3,7,0.134314747,1.011287849,0.803497124,B + CCI,,Cox,Cox
3,3,8,0.137338858,1.030947961,0.79447464,B + CCI,,Cox,Cox
3,3,9,0.148260245,0.976693811,0.789866465,B + CCI,,Cox,Cox
3,3,10,0.150780259,0.901243358,0.771086572,B + CCI,,Cox,Cox
3,4,1,0.148090005,0.920926675,0.776924276,B + CCI,,Cox,Cox
3,4,2,0.144836968,0.94477243,0.778302521,B + CCI,,Cox,Cox
3,4,3,0.139245745,0.964696303,0.789239653,B + CCI,,Cox,Cox
3,4,4,0.136949903,0.960670192,0.780820704,B + CCI,,Cox,Cox
3,4,5,0.141283342,0.966769829,0.788837154,B + CCI,,Cox,Cox
3,4,6,0.146607856,0.923806184,0.777094638,B + CCI,,Cox,Cox
3,4,7,0.147362521,0.976513984,0.783850831,B + CCI,,Cox,Cox
3,4,8,0.151167275,0.921583857,0.780880241,B + CCI,,Cox,Cox
3,4,9,0.145135451,0.993885875,0.788638098,B + CCI,,Cox,Cox
3,4,10,0.14381816,0.975792727,0.787650117,B + CCI,,Cox,Cox
3,5,1,0.137897962,1.002348369,0.795208565,B + CCI,,Cox,Cox
3,5,2,0.141382648,0.986602138,0.790968707,B + CCI,,Cox,Cox
3,5,3,0.147092928,0.951701007,0.784803559,B + CCI,,Cox,Cox
3,5,4,0.143470748,0.965864797,0.784696226,B + CCI,,Cox,Cox
3,5,5,0.149974352,0.912762888,0.771105158,B + CCI,,Cox,Cox
3,5,6,0.142231661,0.946885054,0.780046382,B + CCI,,Cox,Cox
3,5,7,0.149480968,0.973758697,0.779023642,B + CCI,,Cox,Cox
3,5,8,0.137734213,0.984301373,0.796807936,B + CCI,,Cox,Cox
3,5,9,0.151349782,0.879316339,0.7684066,B + CCI,,Cox,Cox
3,5,10,0.14758947,0.935504898,0.778907921,B + CCI,,Cox,Cox
4,1,1,0.142253084,1.013479474,0.783974216,B + CCI,,Logistic,Logistic
4,1,2,0.14113485,1.014946861,0.787554171,B + CCI,,Logistic,Logistic
4,1,3,0.140032902,1.051454144,0.790903075,B + CCI,,Logistic,Logistic
4,1,4,0.137474968,0.989108363,0.78718772,B + CCI,,Logistic,Logistic
4,1,5,0.132663303,1.039150796,0.792690519,B + CCI,,Logistic,Logistic
4,1,6,0.146730373,0.996023791,0.782488014,B + CCI,,Logistic,Logistic
4,1,7,0.149797775,0.955665652,0.777003866,B + CCI,,Logistic,Logistic
4,1,8,0.146360131,0.957177274,0.774027714,B + CCI,,Logistic,Logistic
4,1,9,0.138616795,1.033490936,0.793025746,B + CCI,,Logistic,Logistic
4,1,10,0.149431065,0.954213736,0.773948759,B + CCI,,Logistic,Logistic
4,2,1,0.146473817,1.008705547,0.786294947,B + CCI,,Logistic,Logistic
4,2,2,0.142238577,0.932529033,0.769846148,B + CCI,,Logistic,Logistic
4,2,3,0.140360402,1.053383967,0.797277938,B + CCI,,Logistic,Logistic
4,2,4,0.144874838,0.952266073,0.774594688,B + CCI,,Logistic,Logistic
4,2,5,0.144503855,1.09204729,0.796368487,B + CCI,,Logistic,Logistic
4,2,6,0.136296408,1.01105164,0.786911645,B + CCI,,Logistic,Logistic
4,2,7,0.142556677,0.971810796,0.783711751,B + CCI,,Logistic,Logistic
4,2,8,0.143145595,0.999726382,0.782299866,B + CCI,,Logistic,Logistic
4,2,9,0.14336456,0.984827826,0.779757107,B + CCI,,Logistic,Logistic
4,2,10,0.144622954,0.985391811,0.779556815,B + CCI,,Logistic,Logistic
4,3,1,0.139831749,1.019977485,0.789107264,B + CCI,,Logistic,Logistic
4,3,2,0.143676768,0.943388181,0.771499317,B + CCI,,Logistic,Logistic
4,3,3,0.144409449,1.033194455,0.786469594,B + CCI,,Logistic,Logistic
4,3,4,0.144621814,0.950397836,0.773911933,B + CCI,,Logistic,Logistic
4,3,5,0.14709556,1.016299751,0.785856407,B + CCI,,Logistic,Logistic
4,3,6,0.146642537,0.943328922,0.775150125,B + CCI,,Logistic,Logistic
4,3,7,0.130439481,1.079914547,0.804256811,B + CCI,,Logistic,Logistic
4,3,8,0.135487461,1.063545116,0.794473601,B + CCI,,Logistic,Logistic
4,3,9,0.148314526,1.013864026,0.789648822,B + CCI,,Logistic,Logistic
4,3,10,0.149718303,0.947343839,0.771620182,B + CCI,,Logistic,Logistic
4,4,1,0.14620314,0.970472032,0.777147414,B + CCI,,Logistic,Logistic
4,4,2,0.142371209,0.981878124,0.778293941,B + CCI,,Logistic,Logistic
4,4,3,0.137901823,1.004049244,0.789801989,B + CCI,,Logistic,Logistic
4,4,4,0.133947496,1.004961706,0.781788555,B + CCI,,Logistic,Logistic
4,4,5,0.139897751,1.008702284,0.790072369,B + CCI,,Logistic,Logistic
4,4,6,0.144282079,0.974760299,0.778320721,B + CCI,,Logistic,Logistic
4,4,7,0.147282666,1.008137,0.784125842,B + CCI,,Logistic,Logistic
4,4,8,0.149747225,0.984300976,0.781192487,B + CCI,,Logistic,Logistic
4,4,9,0.144082603,1.034836789,0.789251992,B + CCI,,Logistic,Logistic
4,4,10,0.141729817,1.016634222,0.788032356,B + CCI,,Logistic,Logistic
4,5,1,0.135084027,1.059344458,0.795091822,B + CCI,,Logistic,Logistic
4,5,2,0.140025515,1.034519013,0.791365367,B + CCI,,Logistic,Logistic
4,5,3,0.146840216,0.991534147,0.785275114,B + CCI,,Logistic,Logistic
4,5,4,0.141513227,1.010178202,0.785481996,B + CCI,,Logistic,Logistic
4,5,5,0.148583655,0.948088117,0.771402154,B + CCI,,Logistic,Logistic
4,5,6,0.140403716,0.985900994,0.781441655,B + CCI,,Logistic,Logistic
4,5,7,0.148169689,1.017005945,0.780448691,B + CCI,,Logistic,Logistic
4,5,8,0.134910576,1.043873615,0.797305944,B + CCI,,Logistic,Logistic
4,5,9,0.150047894,0.908508752,0.768833009,B + CCI,,Logistic,Logistic
4,5,10,0.145331663,0.986106528,0.779305601,B + CCI,,Logistic,Logistic
5,1,1,0.151597352,0.911980496,0.783347534,B + CMS,,Cox,Cox
5,1,2,0.150149137,0.893541611,0.788133698,B + CMS,,Cox,Cox
5,1,3,0.14865182,0.948484464,0.793044537,B + CMS,,Cox,Cox
5,1,4,0.145824672,0.936861858,0.793978391,B + CMS,,Cox,Cox
5,1,5,0.143062096,0.936233283,0.79321054,B + CMS,,Cox,Cox
5,1,6,0.151686145,0.919926884,0.785003098,B + CMS,,Cox,Cox
5,1,7,0.15833983,0.845852549,0.779393694,B + CMS,,Cox,Cox
5,1,8,0.15267342,0.896270058,0.776641963,B + CMS,,Cox,Cox
5,1,9,0.143686582,0.939822353,0.797404053,B + CMS,,Cox,Cox
5,1,10,0.156285795,0.853464532,0.774255,B + CMS,,Cox,Cox
5,2,1,0.150999366,0.928142908,0.791907559,B + CMS,,Cox,Cox
5,2,2,0.14911142,0.884377936,0.775722184,B + CMS,,Cox,Cox
5,2,3,0.1469543,0.940978817,0.793908294,B + CMS,,Cox,Cox
5,2,4,0.152692207,0.878796795,0.777423015,B + CMS,,Cox,Cox
5,2,5,0.151509755,0.982281374,0.796865592,B + CMS,,Cox,Cox
5,2,6,0.145164456,0.912784074,0.789474252,B + CMS,,Cox,Cox
5,2,7,0.151126745,0.859008813,0.787267936,B + CMS,,Cox,Cox
5,2,8,0.153314788,0.910340198,0.783312499,B + CMS,,Cox,Cox
5,2,9,0.150963144,0.893716865,0.782691992,B + CMS,,Cox,Cox
5,2,10,0.153417012,0.871768083,0.779403032,B + CMS,,Cox,Cox
5,3,1,0.149237761,0.922601957,0.791341876,B + CMS,,Cox,Cox
5,3,2,0.151929252,0.849094162,0.770778088,B + CMS,,Cox,Cox
5,3,3,0.150300572,0.923637046,0.787804828,B + CMS,,Cox,Cox
5,3,4,0.151582809,0.886073711,0.777634517,B + CMS,,Cox,Cox
5,3,5,0.156396068,0.883601955,0.783741146,B + CMS,,Cox,Cox
5,3,6,0.153458428,0.878870589,0.776810849,B + CMS,,Cox,Cox
5,3,7,0.14457081,0.93695795,0.805803596,B + CMS,,Cox,Cox
5,3,8,0.143595142,0.986296528,0.797435298,B + CMS,,Cox,Cox
5,3,9,0.151455224,0.934260822,0.795333059,B + CMS,,Cox,Cox
5,3,10,0.154488643,0.873926954,0.775739536,B + CMS,,Cox,Cox
5,4,1,0.154899611,0.865404327,0.779293212,B + CMS,,Cox,Cox
5,4,2,0.150341973,0.912590414,0.782094384,B + CMS,,Cox,Cox
5,4,3,0.14442043,0.921660576,0.79391929,B + CMS,,Cox,Cox
5,4,4,0.144804673,0.904689777,0.783043883,B + CMS,,Cox,Cox
5,4,5,0.147654226,0.901229341,0.788432789,B + CMS,,Cox,Cox
5,4,6,0.152961979,0.869571862,0.780145605,B + CMS,,Cox,Cox
5,4,7,0.150737381,0.926836362,0.78667518,B + CMS,,Cox,Cox
5,4,8,0.156044524,0.903816192,0.78432597,B + CMS,,Cox,Cox
5,4,9,0.150263743,0.946899822,0.790523577,B + CMS,,Cox,Cox
5,4,10,0.151762112,0.913522856,0.790169929,B + CMS,,Cox,Cox
5,5,1,0.144576508,0.967519007,0.798363254,B + CMS,,Cox,Cox
5,5,2,0.148157415,0.931168158,0.793328831,B + CMS,,Cox,Cox
5,5,3,0.150838192,0.913478208,0.787138383,B + CMS,,Cox,Cox
5,5,4,0.14904993,0.924242799,0.789625097,B + CMS,,Cox,Cox
5,5,5,0.15611233,0.864295663,0.772933901,B + CMS,,Cox,Cox
5,5,6,0.148085566,0.897896845,0.783266502,B + CMS,,Cox,Cox
5,5,7,0.155961493,0.900995941,0.78075212,B + CMS,,Cox,Cox
5,5,8,0.145719662,0.908682545,0.798226709,B + CMS,,Cox,Cox
5,5,9,0.156918124,0.829080362,0.769846147,B + CMS,,Cox,Cox
5,5,10,0.152745384,0.914117081,0.782758393,B + CMS,,Cox,Cox
6,1,1,0.142382412,0.997118111,0.783613231,B + CMS,,Logistic,Logistic
6,1,2,0.140722635,0.997581309,0.789117689,B + CMS,,Logistic,Logistic
6,1,3,0.139056845,1.035597845,0.791987286,B + CMS,,Logistic,Logistic
6,1,4,0.134945258,1.043839226,0.795360372,B + CMS,,Logistic,Logistic
6,1,5,0.132611508,1.046998402,0.794353742,B + CMS,,Logistic,Logistic
6,1,6,0.145611943,0.997362107,0.785012373,B + CMS,,Logistic,Logistic
6,1,7,0.149282829,0.951220675,0.780184741,B + CMS,,Logistic,Logistic
6,1,8,0.144695965,0.973060399,0.777668546,B + CMS,,Logistic,Logistic
6,1,9,0.137423394,1.036771241,0.798404284,B + CMS,,Logistic,Logistic
6,1,10,0.149472,0.932248514,0.774264013,B + CMS,,Logistic,Logistic
6,2,1,0.144935445,1.023782379,0.792337478,B + CMS,,Logistic,Logistic
6,2,2,0.139689469,0.966564724,0.777019878,B + CMS,,Logistic,Logistic
6,2,3,0.140800592,1.027580486,0.794033735,B + CMS,,Logistic,Logistic
6,2,4,0.143324416,0.971572184,0.778087329,B + CMS,,Logistic,Logistic
6,2,5,0.143644234,1.079067918,0.796780074,B + CMS,,Logistic,Logistic
6,2,6,0.135964097,1.007534692,0.790099644,B + CMS,,Logistic,Logistic
6,2,7,0.141443951,0.966013323,0.788079544,B + CMS,,Logistic,Logistic
6,2,8,0.142699921,0.998141038,0.78307997,B + CMS,,Logistic,Logistic
6,2,9,0.142388876,0.984761694,0.783596775,B + CMS,,Logistic,Logistic
6,2,10,0.14523458,0.965376975,0.780439884,B + CMS,,Logistic,Logistic
6,3,1,0.139781799,1.017579717,0.791799436,B + CMS,,Logistic,Logistic
6,3,2,0.143441228,0.930341759,0.771678102,B + CMS,,Logistic,Logistic
6,3,3,0.14321808,1.0247117,0.788889643,B + CMS,,Logistic,Logistic
6,3,4,0.143467129,0.965916031,0.778859624,B + CMS,,Logistic,Logistic
6,3,5,0.148128969,0.98927887,0.783690919,B + CMS,,Logistic,Logistic
6,3,6,0.145748056,0.956005304,0.776729418,B + CMS,,Logistic,Logistic
6,3,7,0.130535525,1.063189016,0.806359362,B + CMS,,Logistic,Logistic
6,3,8,0.134289741,1.069210429,0.797679046,B + CMS,,Logistic,Logistic
6,3,9,0.14616201,1.029773586,0.795388998,B + CMS,,Logistic,Logistic
6,3,10,0.147728607,0.963450129,0.776651783,B + CMS,,Logistic,Logistic
6,4,1,0.146234524,0.963008831,0.779289789,B + CMS,,Logistic,Logistic
6,4,2,0.140358879,0.994451589,0.782049925,B + CMS,,Logistic,Logistic
6,4,3,0.137000815,1.015516117,0.794896006,B + CMS,,Logistic,Logistic
6,4,4,0.133346612,0.993528617,0.784065899,B + CMS,,Logistic,Logistic
6,4,5,0.140015346,0.988425504,0.788961199,B + CMS,,Logistic,Logistic
6,4,6,0.143270641,0.970659302,0.78111335,B + CMS,,Logistic,Logistic
6,4,7,0.145654005,1.009816407,0.786925977,B + CMS,,Logistic,Logistic
6,4,8,0.148438275,1.004396374,0.784960172,B + CMS,,Logistic,Logistic
6,4,9,0.143525525,1.035796632,0.791073575,B + CMS,,Logistic,Logistic
6,4,10,0.141667393,1.014927523,0.790536189,B + CMS,,Logistic,Logistic
6,5,1,0.134028994,1.071419772,0.798560819,B + CMS,,Logistic,Logistic
6,5,2,0.139816164,1.035680672,0.793859328,B + CMS,,Logistic,Logistic
6,5,3,0.145889229,0.996553413,0.787620966,B + CMS,,Logistic,Logistic
6,5,4,0.140464537,1.023404071,0.790403298,B + CMS,,Logistic,Logistic
6,5,5,0.147470373,0.942872927,0.772871223,B + CMS,,Logistic,Logistic
6,5,6,0.139522902,0.982084448,0.784467678,B + CMS,,Logistic,Logistic
6,5,7,0.147614964,0.995297828,0.781918185,B + CMS,,Logistic,Logistic
6,5,8,0.13473663,1.026938422,0.798789451,B + CMS,,Logistic,Logistic
6,5,9,0.149480041,0.900307537,0.770061826,B + CMS,,Logistic,Logistic
6,5,10,0.144042605,1.006279962,0.783294554,B + CMS,,Logistic,Logistic
7,1,1,0.140056557,0.998415073,0.79109123,B + C,,Cox,Cox
7,1,2,0.139591781,0.99339521,0.795531622,B + C,,Cox,Cox
7,1,3,0.138353581,0.996894984,0.795922192,B + C,,Cox,Cox
7,1,4,0.133979617,1.032544446,0.79998024,B + C,,Cox,Cox
7,1,5,0.131277339,1.034858328,0.798380138,B + C,,Cox,Cox
7,1,6,0.143336625,1.02345963,0.790570274,B + C,,Cox,Cox
7,1,7,0.148060246,0.92468547,0.785910935,B + C,,Cox,Cox
7,1,8,0.143236188,0.965361933,0.782675617,B + C,,Cox,Cox
7,1,9,0.135109111,1.050212754,0.801966516,B + C,,Cox,Cox
7,1,10,0.148450053,0.923118313,0.779342138,B + C,,Cox,Cox
7,2,1,0.143488291,1.009885061,0.797680718,B + C,,Cox,Cox
7,2,2,0.138749981,0.956863853,0.782505473,B + C,,Cox,Cox
7,2,3,0.138552753,1.038866558,0.801476076,B + C,,Cox,Cox
7,2,4,0.143021008,0.948442169,0.780113978,B + C,,Cox,Cox
7,2,5,0.1419049,1.074664615,0.801195794,B + C,,Cox,Cox
7,2,6,0.133813674,0.999718933,0.794289207,B + C,,Cox,Cox
7,2,7,0.140007656,0.968810426,0.793389249,B + C,,Cox,Cox
7,2,8,0.141268061,0.980645452,0.790214954,B + C,,Cox,Cox
7,2,9,0.141546079,0.969477312,0.787696343,B + C,,Cox,Cox
7,2,10,0.142846506,0.974800914,0.788210333,B + C,,Cox,Cox
7,3,1,0.138089282,1.004307517,0.799433984,B + C,,Cox,Cox
7,3,2,0.142275889,0.929171631,0.776212327,B + C,,Cox,Cox
7,3,3,0.140375343,1.053770655,0.796050277,B + C,,Cox,Cox
7,3,4,0.141470346,0.964360887,0.786827413,B + C,,Cox,Cox
7,3,5,0.146716847,0.977115473,0.789729247,B + C,,Cox,Cox
7,3,6,0.144708745,0.941024144,0.782070936,B + C,,Cox,Cox
7,3,7,0.129976491,1.015259343,0.809960727,B + C,,Cox,Cox
7,3,8,0.1329555,1.079918399,0.803728413,B + C,,Cox,Cox
7,3,9,0.144723549,1.019520523,0.797872939,B + C,,Cox,Cox
7,3,10,0.146315277,0.95386151,0.779539074,B + C,,Cox,Cox
7,4,1,0.145135268,0.947267142,0.783738468,B + C,,Cox,Cox
7,4,2,0.138965596,0.992781819,0.787512641,B + C,,Cox,Cox
7,4,3,0.134902437,1.023162528,0.801273043,B + C,,Cox,Cox
7,4,4,0.132491972,0.973188572,0.786793053,B + C,,Cox,Cox
7,4,5,0.1389503,0.987340956,0.793939167,B + C,,Cox,Cox
7,4,6,0.140477931,0.978730584,0.789774289,B + C,,Cox,Cox
7,4,7,0.144100247,1.000128842,0.792646024,B + C,,Cox,Cox
7,4,8,0.146380019,1.006298138,0.789382917,B + C,,Cox,Cox
7,4,9,0.142814728,1.006325159,0.794927906,B + C,,Cox,Cox
7,4,10,0.139895066,1.012973538,0.797152259,B + C,,Cox,Cox
7,5,1,0.132532945,1.064106007,0.804110821,B + C,,Cox,Cox
7,5,2,0.137784063,1.038210356,0.799447222,B + C,,Cox,Cox
7,5,3,0.143480233,1.006913129,0.795140212,B + C,,Cox,Cox
7,5,4,0.139450454,1.008490497,0.794663831,B + C,,Cox,Cox
7,5,5,0.146107454,0.948532908,0.777730435,B + C,,Cox,Cox
7,5,6,0.138501367,0.971004435,0.788916369,B + C,,Cox,Cox
7,5,7,0.147779059,0.955417146,0.783428066,B + C,,Cox,Cox
7,5,8,0.133199715,1.003786693,0.80411353,B + C,,Cox,Cox
7,5,9,0.146977646,0.912034687,0.778393549,B + C,,Cox,Cox
7,5,10,0.142527282,0.994822086,0.787567544,B + C,,Cox,Cox
8,1,1,0.145535129,1.011635789,0.769055675,B + C,ridge,Cox,Cox ridge
8,1,2,0.145822098,0.980555803,0.769390293,B + C,ridge,Cox,Cox ridge
8,1,3,0.140937702,1.080505114,0.784765814,B + C,ridge,Cox,Cox ridge
8,1,4,0.140570552,1.001026708,0.773169788,B + C,ridge,Cox,Cox ridge
8,1,5,0.136753073,1.002780388,0.774088596,B + C,ridge,Cox,Cox ridge
8,1,6,0.149440017,0.997422564,0.771073077,B + C,ridge,Cox,Cox ridge
8,1,7,0.153270413,0.930730649,0.764407335,B + C,ridge,Cox,Cox ridge
8,1,8,0.149826495,0.932692404,0.759311864,B + C,ridge,Cox,Cox ridge
8,1,9,0.142507712,1.023680735,0.778516117,B + C,ridge,Cox,Cox ridge
8,1,10,0.153379654,0.926602733,0.759092332,B + C,ridge,Cox,Cox ridge
8,2,1,0.148830726,1.00435227,0.77713992,B + C,ridge,Cox,Cox ridge
8,2,2,0.144385664,0.936892293,0.757062659,B + C,ridge,Cox,Cox ridge
8,2,3,0.145311613,1.009865735,0.779374325,B + C,ridge,Cox,Cox ridge
8,2,4,0.148199708,0.941821312,0.760417035,B + C,ridge,Cox,Cox ridge
8,2,5,0.147949618,1.064369888,0.783522292,B + C,ridge,Cox,Cox ridge
8,2,6,0.139870916,1.021044337,0.773254085,B + C,ridge,Cox,Cox ridge
8,2,7,0.14563591,0.975867057,0.770896978,B + C,ridge,Cox,Cox ridge
8,2,8,0.145069985,1.020018196,0.770860886,B + C,ridge,Cox,Cox ridge
8,2,9,0.147329087,0.946288957,0.764080016,B + C,ridge,Cox,Cox ridge
8,2,10,0.149592536,0.936971422,0.759765019,B + C,ridge,Cox,Cox ridge
8,3,1,0.142934597,0.999174934,0.775824162,B + C,ridge,Cox,Cox ridge
8,3,2,0.148309022,0.917184673,0.754621935,B + C,ridge,Cox,Cox ridge
8,3,3,0.149162553,1.001063639,0.768090241,B + C,ridge,Cox,Cox ridge
8,3,4,0.148041765,0.932893387,0.758835071,B + C,ridge,Cox,Cox ridge
8,3,5,0.151354268,0.994686409,0.772259988,B + C,ridge,Cox,Cox ridge
8,3,6,0.148452247,0.960964102,0.764743878,B + C,ridge,Cox,Cox ridge
8,3,7,0.133497671,1.054391463,0.7875065,B + C,ridge,Cox,Cox ridge
8,3,8,0.137958035,1.060483654,0.783556429,B + C,ridge,Cox,Cox ridge
8,3,9,0.150658123,1.024695318,0.779982362,B + C,ridge,Cox,Cox ridge
8,3,10,0.153472694,0.926643943,0.756437249,B + C,ridge,Cox,Cox ridge
8,4,1,0.14867904,0.96888557,0.766791801,B + C,ridge,Cox,Cox ridge
8,4,2,0.144327089,0.984681942,0.768723853,B + C,ridge,Cox,Cox ridge
8,4,3,0.141256082,1.020796491,0.775723977,B + C,ridge,Cox,Cox ridge
8,4,4,0.137468392,0.970268095,0.764966444,B + C,ridge,Cox,Cox ridge
8,4,5,0.144458393,0.96324815,0.77134041,B + C,ridge,Cox,Cox ridge
8,4,6,0.14818386,0.945774061,0.7607855,B + C,ridge,Cox,Cox ridge
8,4,7,0.150736994,1.011290402,0.771609051,B + C,ridge,Cox,Cox ridge
8,4,8,0.153512822,0.979019396,0.767476871,B + C,ridge,Cox,Cox ridge
8,4,9,0.148491822,1.005456289,0.774281565,B + C,ridge,Cox,Cox ridge
8,4,10,0.144697994,1.009740487,0.774736927,B + C,ridge,Cox,Cox ridge
8,5,1,0.137543973,1.064834707,0.78407275,B + C,ridge,Cox,Cox ridge
8,5,2,0.142736455,1.02803066,0.778008684,B + C,ridge,Cox,Cox ridge
8,5,3,0.151762889,0.977043139,0.769225702,B + C,ridge,Cox,Cox ridge
8,5,4,0.144846711,0.990256646,0.772009051,B + C,ridge,Cox,Cox ridge
8,5,5,0.150841351,0.963142039,0.759842693,B + C,ridge,Cox,Cox ridge
8,5,6,0.144762508,0.948105627,0.764261818,B + C,ridge,Cox,Cox ridge
8,5,7,0.152332915,0.963128728,0.761883312,B + C,ridge,Cox,Cox ridge
8,5,8,0.138983381,1.015959831,0.780385716,B + C,ridge,Cox,Cox ridge
8,5,9,0.153761313,0.901535969,0.756187938,B + C,ridge,Cox,Cox ridge
8,5,10,0.147890824,0.987536735,0.76743823,B + C,ridge,Cox,Cox ridge
9,1,1,0.140837728,1.032607064,0.786972825,B + C,lasso,Cox,Cox lasso
9,1,2,0.140174987,1.023769961,0.790938006,B + C,lasso,Cox,Cox lasso
9,1,3,0.13767603,1.069494097,0.796223833,B + C,lasso,Cox,Cox lasso
9,1,4,0.134945572,1.059638772,0.793568922,B + C,lasso,Cox,Cox lasso
9,1,5,0.132041206,1.061843357,0.792303908,B + C,lasso,Cox,Cox lasso
9,1,6,0.144221141,1.053242267,0.787495715,B + C,lasso,Cox,Cox lasso
9,1,7,0.148399485,0.971390135,0.782305695,B + C,lasso,Cox,Cox lasso
9,1,8,0.143699536,0.994900049,0.780062745,B + C,lasso,Cox,Cox lasso
9,1,9,0.136954737,1.083269176,0.796927553,B + C,lasso,Cox,Cox lasso
9,1,10,0.148665395,0.957741324,0.77695471,B + C,lasso,Cox,Cox lasso
9,2,1,0.144547794,1.042078894,0.791810255,B + C,lasso,Cox,Cox lasso
9,2,2,0.138944209,0.97993819,0.779477862,B + C,lasso,Cox,Cox lasso
9,2,3,0.139748368,1.068368566,0.797676288,B + C,lasso,Cox,Cox lasso
9,2,4,0.143298429,0.980009653,0.77764453,B + C,lasso,Cox,Cox lasso
9,2,5,0.142746197,1.105382302,0.798051678,B + C,lasso,Cox,Cox lasso
9,2,6,0.134291567,1.05956641,0.79245487,B + C,lasso,Cox,Cox lasso
9,2,7,0.140295946,1.008373628,0.790325689,B + C,lasso,Cox,Cox lasso
9,2,8,0.141035031,1.030303065,0.787637679,B + C,lasso,Cox,Cox lasso
9,2,9,0.14223205,0.997623521,0.783942498,B + C,lasso,Cox,Cox lasso
9,2,10,0.143412314,1.009929629,0.783844432,B + C,lasso,Cox,Cox lasso
9,3,1,0.138348102,1.048157103,0.793602649,B + C,lasso,Cox,Cox lasso
9,3,2,0.142857853,0.970696044,0.772691818,B + C,lasso,Cox,Cox lasso
9,3,3,0.142120515,1.073662219,0.791542847,B + C,lasso,Cox,Cox lasso
9,3,4,0.142349264,1.002996084,0.781324428,B + C,lasso,Cox,Cox lasso
9,3,5,0.147599625,1.006648404,0.786195822,B + C,lasso,Cox,Cox lasso
9,3,6,0.144938585,0.979705695,0.77965714,B + C,lasso,Cox,Cox lasso
9,3,7,0.129668596,1.0701021,0.805187134,B + C,lasso,Cox,Cox lasso
9,3,8,0.132736578,1.114888173,0.801602457,B + C,lasso,Cox,Cox lasso
9,3,9,0.145349291,1.060710891,0.795628344,B + C,lasso,Cox,Cox lasso
9,3,10,0.147034773,0.985646942,0.777168836,B + C,lasso,Cox,Cox lasso
9,4,1,0.145211772,0.981311225,0.781822781,B + C,lasso,Cox,Cox lasso
9,4,2,0.139166868,1.034809129,0.78499549,B + C,lasso,Cox,Cox lasso
9,4,3,0.136687255,1.056428833,0.793504261,B + C,lasso,Cox,Cox lasso
9,4,4,0.13214418,1.017547322,0.785591243,B + C,lasso,Cox,Cox lasso
9,4,5,0.140075888,1.018997986,0.788061725,B + C,lasso,Cox,Cox lasso
9,4,6,0.14138088,1.008485273,0.784514199,B + C,lasso,Cox,Cox lasso
9,4,7,0.145508306,1.042547785,0.787613363,B + C,lasso,Cox,Cox lasso
9,4,8,0.147752641,1.03564408,0.784313244,B + C,lasso,Cox,Cox lasso
9,4,9,0.143379034,1.046311347,0.791550745,B + C,lasso,Cox,Cox lasso
9,4,10,0.140619645,1.049527872,0.791839747,B + C,lasso,Cox,Cox lasso
9,5,1,0.13287207,1.106756786,0.800752872,B + C,lasso,Cox,Cox lasso
9,5,2,0.138735605,1.073160823,0.793921353,B + C,lasso,Cox,Cox lasso
9,5,3,0.144692288,1.037280909,0.791237811,B + C,lasso,Cox,Cox lasso
9,5,4,0.140012295,1.045912332,0.790044527,B + C,lasso,Cox,Cox lasso
9,5,5,0.146352762,0.989158251,0.775904223,B + C,lasso,Cox,Cox lasso
9,5,6,0.139198597,1.00055604,0.785450746,B + C,lasso,Cox,Cox lasso
9,5,7,0.147721844,0.991204561,0.781042514,B + C,lasso,Cox,Cox lasso
9,5,8,0.133846742,1.048041768,0.79803204,B + C,lasso,Cox,Cox lasso
9,5,9,0.147783434,0.94585803,0.775293595,B + C,lasso,Cox,Cox lasso
9,5,10,0.142675965,1.034988122,0.785716289,B + C,lasso,Cox,Cox lasso
10,1,1,0.140230673,0.998242944,0.791870107,B + C,,Logistic,Logistic
10,1,2,0.139393302,0.993759604,0.796430566,B + C,,Logistic,Logistic
10,1,3,0.138864793,0.996967174,0.795123032,B + C,,Logistic,Logistic
10,1,4,0.133519712,1.042335864,0.801341967,B + C,,Logistic,Logistic
10,1,5,0.131145371,1.043557429,0.799633491,B + C,,Logistic,Logistic
10,1,6,0.14384393,1.003084236,0.790618867,B + C,,Logistic,Logistic
10,1,7,0.147461644,0.951649245,0.78699795,B + C,,Logistic,Logistic
10,1,8,0.143385703,0.957369782,0.78340753,B + C,,Logistic,Logistic
10,1,9,0.135461186,1.048428294,0.802568655,B + C,,Logistic,Logistic
10,1,10,0.148313921,0.920908441,0.77978684,B + C,,Logistic,Logistic
10,2,1,0.143592087,1.018942709,0.798563598,B + C,,Logistic,Logistic
10,2,2,0.138419607,0.957165175,0.783729022,B + C,,Logistic,Logistic
10,2,3,0.138758729,1.032289676,0.801936929,B + C,,Logistic,Logistic
10,2,4,0.142904013,0.948838539,0.780534383,B + C,,Logistic,Logistic
10,2,5,0.142440396,1.067017235,0.800522545,B + C,,Logistic,Logistic
10,2,6,0.133847884,1.000181848,0.795070493,B + C,,Logistic,Logistic
10,2,7,0.139778711,0.973262219,0.794197433,B + C,,Logistic,Logistic
10,2,8,0.141283743,0.9899224,0.790272224,B + C,,Logistic,Logistic
10,2,9,0.141340262,0.978225286,0.789262518,B + C,,Logistic,Logistic
10,2,10,0.142761279,0.976634549,0.789458893,B + C,,Logistic,Logistic
10,3,1,0.138249275,1.011078833,0.800020617,B + C,,Logistic,Logistic
10,3,2,0.142054005,0.92929189,0.777299862,B + C,,Logistic,Logistic
10,3,3,0.14044638,1.046479368,0.797172793,B + C,,Logistic,Logistic
10,3,4,0.141138754,0.965219051,0.7883902,B + C,,Logistic,Logistic
10,3,5,0.146690945,0.986335158,0.789743136,B + C,,Logistic,Logistic
10,3,6,0.144871763,0.939330819,0.782343206,B + C,,Logistic,Logistic
10,3,7,0.129599718,1.040231652,0.810348403,B + C,,Logistic,Logistic
10,3,8,0.133217832,1.072105116,0.80381455,B + C,,Logistic,Logistic
10,3,9,0.145100156,1.015327658,0.798276434,B + C,,Logistic,Logistic
10,3,10,0.146328472,0.950699226,0.780170788,B + C,,Logistic,Logistic
10,4,1,0.145176132,0.954651867,0.784102334,B + C,,Logistic,Logistic
10,4,2,0.139097926,0.991551579,0.787619793,B + C,,Logistic,Logistic
10,4,3,0.13501765,1.016207335,0.802055949,B + C,,Logistic,Logistic
10,4,4,0.132593823,0.967614249,0.786978507,B + C,,Logistic,Logistic
10,4,5,0.138998423,0.986495654,0.794648351,B + C,,Logistic,Logistic
10,4,6,0.140064127,0.988580399,0.79146086,B + C,,Logistic,Logistic
10,4,7,0.144251625,0.995731828,0.792806592,B + C,,Logistic,Logistic
10,4,8,0.146608073,1.010897589,0.789841447,B + C,,Logistic,Logistic
10,4,9,0.142735714,1.009848256,0.795497011,B + C,,Logistic,Logistic
10,4,10,0.139854077,1.016224367,0.797969582,B + C,,Logistic,Logistic
10,5,1,0.132540688,1.063195209,0.804174121,B + C,,Logistic,Logistic
10,5,2,0.138098036,1.038628286,0.800067464,B + C,,Logistic,Logistic
10,5,3,0.143702479,1.001312658,0.795978697,B + C,,Logistic,Logistic
10,5,4,0.139264839,1.015612122,0.795653091,B + C,,Logistic,Logistic
10,5,5,0.146507288,0.939603313,0.77767752,B + C,,Logistic,Logistic
10,5,6,0.138147276,0.970246756,0.790293223,B + C,,Logistic,Logistic
10,5,7,0.147880813,0.962988339,0.78429113,B + C,,Logistic,Logistic
10,5,8,0.133271934,1.019081745,0.804122293,B + C,,Logistic,Logistic
10,5,9,0.146931696,0.91556436,0.778917784,B + C,,Logistic,Logistic
10,5,10,0.142250582,0.993238479,0.788646942,B + C,,Logistic,Logistic
11,1,1,0.140882523,1.073057637,0.788555584,B + C,ridge,Logistic,Logistic ridge
11,1,2,0.140680621,1.060781075,0.789714376,B + C,ridge,Logistic,Logistic ridge
11,1,3,0.138178341,1.08859396,0.796336759,B + C,ridge,Logistic,Logistic ridge
11,1,4,0.134872557,1.09464525,0.795561496,B + C,ridge,Logistic,Logistic ridge
11,1,5,0.131717017,1.094103894,0.795916697,B + C,ridge,Logistic,Logistic ridge
11,1,6,0.144496666,1.06677702,0.788470843,B + C,ridge,Logistic,Logistic ridge
11,1,7,0.148096304,1.011122035,0.783738098,B + C,ridge,Logistic,Logistic ridge
11,1,8,0.143842953,1.006355528,0.781127009,B + C,ridge,Logistic,Logistic ridge
11,1,9,0.137156041,1.104893163,0.798167197,B + C,ridge,Logistic,Logistic ridge
11,1,10,0.148479257,0.984262944,0.777591654,B + C,ridge,Logistic,Logistic ridge
11,2,1,0.14440852,1.08458813,0.793863921,B + C,ridge,Logistic,Logistic ridge
11,2,2,0.139371251,1.005225129,0.778037614,B + C,ridge,Logistic,Logistic ridge
11,2,3,0.139909102,1.091467876,0.798098619,B + C,ridge,Logistic,Logistic ridge
11,2,4,0.143476706,1.00718523,0.777721177,B + C,ridge,Logistic,Logistic ridge
11,2,5,0.14304499,1.144620354,0.799388361,B + C,ridge,Logistic,Logistic ridge
11,2,6,0.134588319,1.074839185,0.792961336,B + C,ridge,Logistic,Logistic ridge
11,2,7,0.140133112,1.042660738,0.791853448,B + C,ridge,Logistic,Logistic ridge
11,2,8,0.141293992,1.063279056,0.788027854,B + C,ridge,Logistic,Logistic ridge
11,2,9,0.14215227,1.032227659,0.785614389,B + C,ridge,Logistic,Logistic ridge
11,2,10,0.143852722,1.032100494,0.783837888,B + C,ridge,Logistic,Logistic ridge
11,3,1,0.138401188,1.073222373,0.797043272,B + C,ridge,Logistic,Logistic ridge
11,3,2,0.142890419,0.981094813,0.774037257,B + C,ridge,Logistic,Logistic ridge
11,3,3,0.142258406,1.102443615,0.792156292,B + C,ridge,Logistic,Logistic ridge
11,3,4,0.142909539,1.017087868,0.780225258,B + C,ridge,Logistic,Logistic ridge
11,3,5,0.146730497,1.049237427,0.788638132,B + C,ridge,Logistic,Logistic ridge
11,3,6,0.144632393,1.006087161,0.781081854,B + C,ridge,Logistic,Logistic ridge
11,3,7,0.129668563,1.123572756,0.807279013,B + C,ridge,Logistic,Logistic ridge
11,3,8,0.133835352,1.135737512,0.80063774,B + C,ridge,Logistic,Logistic ridge
11,3,9,0.145331056,1.080119892,0.79711608,B + C,ridge,Logistic,Logistic ridge
11,3,10,0.147510289,1.004764344,0.776655485,B + C,ridge,Logistic,Logistic ridge
11,4,1,0.145364805,1.025602593,0.781146522,B + C,ridge,Logistic,Logistic ridge
11,4,2,0.139729301,1.050049467,0.785266051,B + C,ridge,Logistic,Logistic ridge
11,4,3,0.135791883,1.075697974,0.797879803,B + C,ridge,Logistic,Logistic ridge
11,4,4,0.132680922,1.030606064,0.785561816,B + C,ridge,Logistic,Logistic ridge
11,4,5,0.139457214,1.038046095,0.791461719,B + C,ridge,Logistic,Logistic ridge
11,4,6,0.141639789,1.037670007,0.785400597,B + C,ridge,Logistic,Logistic ridge
11,4,7,0.145464622,1.069463962,0.78936851,B + C,ridge,Logistic,Logistic ridge
11,4,8,0.147199547,1.060638787,0.7883323,B + C,ridge,Logistic,Logistic ridge
11,4,9,0.143238052,1.087110942,0.793302477,B + C,ridge,Logistic,Logistic ridge
11,4,10,0.14037701,1.092268546,0.793962948,B + C,ridge,Logistic,Logistic ridge
11,5,1,0.133174213,1.143863344,0.801411824,B + C,ridge,Logistic,Logistic ridge
11,5,2,0.138609247,1.098887304,0.796713567,B + C,ridge,Logistic,Logistic ridge
11,5,3,0.145155329,1.059553842,0.791450935,B + C,ridge,Logistic,Logistic ridge
11,5,4,0.140135994,1.081450642,0.791611188,B + C,ridge,Logistic,Logistic ridge
11,5,5,0.146574836,1.011785119,0.775989079,B + C,ridge,Logistic,Logistic ridge
11,5,6,0.139256087,1.024786878,0.785617679,B + C,ridge,Logistic,Logistic ridge
11,5,7,0.14780162,1.02407632,0.782263283,B + C,ridge,Logistic,Logistic ridge
11,5,8,0.134182239,1.095562913,0.799036118,B + C,ridge,Logistic,Logistic ridge
11,5,9,0.147827941,0.959861102,0.775833713,B + C,ridge,Logistic,Logistic ridge
11,5,10,0.142689519,1.058297524,0.786535419,B + C,ridge,Logistic,Logistic ridge
12,1,1,0.141025064,1.032397167,0.788617532,B + C,lasso,Logistic,Logistic lasso
12,1,2,0.140221526,1.036536516,0.791590839,B + C,lasso,Logistic,Logistic lasso
12,1,3,0.138308077,1.080633069,0.795950659,B + C,lasso,Logistic,Logistic lasso
12,1,4,0.134328209,1.08209083,0.796966723,B + C,lasso,Logistic,Logistic lasso
12,1,5,0.13175417,1.078264183,0.795604805,B + C,lasso,Logistic,Logistic lasso
12,1,6,0.144834263,1.05525902,0.787044401,B + C,lasso,Logistic,Logistic lasso
12,1,7,0.147584979,0.99673248,0.785594627,B + C,lasso,Logistic,Logistic lasso
12,1,8,0.143841311,1.001487807,0.781015872,B + C,lasso,Logistic,Logistic lasso
12,1,9,0.136570563,1.087921232,0.799798302,B + C,lasso,Logistic,Logistic lasso
12,1,10,0.148680493,0.96983554,0.776563788,B + C,lasso,Logistic,Logistic lasso
12,2,1,0.144324867,1.058431851,0.794225339,B + C,lasso,Logistic,Logistic lasso
12,2,2,0.139141754,0.986160069,0.778421876,B + C,lasso,Logistic,Logistic lasso
12,2,3,0.140247222,1.078610547,0.796997324,B + C,lasso,Logistic,Logistic lasso
12,2,4,0.143401712,0.998242309,0.777980208,B + C,lasso,Logistic,Logistic lasso
12,2,5,0.143387685,1.120130766,0.797469459,B + C,lasso,Logistic,Logistic lasso
12,2,6,0.134323885,1.063305908,0.793787518,B + C,lasso,Logistic,Logistic lasso
12,2,7,0.140528998,1.022768269,0.790177365,B + C,lasso,Logistic,Logistic lasso
12,2,8,0.141590028,1.04631687,0.787284329,B + C,lasso,Logistic,Logistic lasso
12,2,9,0.141977276,1.0130152,0.786525204,B + C,lasso,Logistic,Logistic lasso
12,2,10,0.143617321,1.02420423,0.784145574,B + C,lasso,Logistic,Logistic lasso
12,3,1,0.138292571,1.061106423,0.797108241,B + C,lasso,Logistic,Logistic lasso
12,3,2,0.142690099,0.976868045,0.774142008,B + C,lasso,Logistic,Logistic lasso
12,3,3,0.142199469,1.086040418,0.792705545,B + C,lasso,Logistic,Logistic lasso
12,3,4,0.141885187,1.004558984,0.78442748,B + C,lasso,Logistic,Logistic lasso
12,3,5,0.147830291,1.027181742,0.785294772,B + C,lasso,Logistic,Logistic lasso
12,3,6,0.144988421,0.985958711,0.780564164,B + C,lasso,Logistic,Logistic lasso
12,3,7,0.129620384,1.098435448,0.807521702,B + C,lasso,Logistic,Logistic lasso
12,3,8,0.133512698,1.118653437,0.800748126,B + C,lasso,Logistic,Logistic lasso
12,3,9,0.145586986,1.066340119,0.796419439,B + C,lasso,Logistic,Logistic lasso
12,3,10,0.147444898,1.00006637,0.77647573,B + C,lasso,Logistic,Logistic lasso
12,4,1,0.145193893,1.005445968,0.782096378,B + C,lasso,Logistic,Logistic lasso
12,4,2,0.139345967,1.035176122,0.786242219,B + C,lasso,Logistic,Logistic lasso
12,4,3,0.136154461,1.058708382,0.79711911,B + C,lasso,Logistic,Logistic lasso
12,4,4,0.132705745,1.020582912,0.785384932,B + C,lasso,Logistic,Logistic lasso
12,4,5,0.139622239,1.026228337,0.791035233,B + C,lasso,Logistic,Logistic lasso
12,4,6,0.141273526,1.029275285,0.785922594,B + C,lasso,Logistic,Logistic lasso
12,4,7,0.145515307,1.049817551,0.788424562,B + C,lasso,Logistic,Logistic lasso
12,4,8,0.147168693,1.048787318,0.787822079,B + C,lasso,Logistic,Logistic lasso
12,4,9,0.143515904,1.067546315,0.791883374,B + C,lasso,Logistic,Logistic lasso
12,4,10,0.140893309,1.070183472,0.791847424,B + C,lasso,Logistic,Logistic lasso
12,5,1,0.132899433,1.117127509,0.802130571,B + C,lasso,Logistic,Logistic lasso
12,5,2,0.138682243,1.086424334,0.796897474,B + C,lasso,Logistic,Logistic lasso
12,5,3,0.145585017,1.045597474,0.789276327,B + C,lasso,Logistic,Logistic lasso
12,5,4,0.139822558,1.061700859,0.792200939,B + C,lasso,Logistic,Logistic lasso
12,5,5,0.146677591,0.998618308,0.776231232,B + C,lasso,Logistic,Logistic lasso
12,5,6,0.139119927,1.007359185,0.786508187,B + C,lasso,Logistic,Logistic lasso
12,5,7,0.148681233,1.013835298,0.778816797,B + C,lasso,Logistic,Logistic lasso
12,5,8,0.134180837,1.073089865,0.797880371,B + C,lasso,Logistic,Logistic lasso
12,5,9,0.147704879,0.950607544,0.776035581,B + C,lasso,Logistic,Logistic lasso
12,5,10,0.142503455,1.049248861,0.786874342,B + C,lasso,Logistic,Logistic lasso
13,1,1,0.140005646,0.988095076,0.791853437,B + C^2,,Cox,Cox
13,1,2,0.140257751,0.972501007,0.793437498,B + C^2,,Cox,Cox
13,1,3,0.138745474,0.987747221,0.793687032,B + C^2,,Cox,Cox
13,1,4,0.134831346,0.989664261,0.800370336,B + C^2,,Cox,Cox
13,1,5,0.131786055,1.012172455,0.796386584,B + C^2,,Cox,Cox
13,1,6,0.143757957,1.006959111,0.790233649,B + C^2,,Cox,Cox
13,1,7,0.147678626,0.927749768,0.786399341,B + C^2,,Cox,Cox
13,1,8,0.143780992,0.957193854,0.782943932,B + C^2,,Cox,Cox
13,1,9,0.135558839,1.027263705,0.800548068,B + C^2,,Cox,Cox
13,1,10,0.149075169,0.9012276,0.779177825,B + C^2,,Cox,Cox
13,2,1,0.144178195,0.985514141,0.796392966,B + C^2,,Cox,Cox
13,2,2,0.139463906,0.932106495,0.780674195,B + C^2,,Cox,Cox
13,2,3,0.139409263,1.023295244,0.800497726,B + C^2,,Cox,Cox
13,2,4,0.142329507,0.945864691,0.782861965,B + C^2,,Cox,Cox
13,2,5,0.14270837,1.041655271,0.800456928,B + C^2,,Cox,Cox
13,2,6,0.133690369,0.995729091,0.794353208,B + C^2,,Cox,Cox
13,2,7,0.140661767,0.949827007,0.792410852,B + C^2,,Cox,Cox
13,2,8,0.140737817,0.974097671,0.790999861,B + C^2,,Cox,Cox
13,2,9,0.141777412,0.964002624,0.786940876,B + C^2,,Cox,Cox
13,2,10,0.144148954,0.943642767,0.785214176,B + C^2,,Cox,Cox
13,3,1,0.138836795,0.979706825,0.797366561,B + C^2,,Cox,Cox
13,3,2,0.14264328,0.917308601,0.775500765,B + C^2,,Cox,Cox
13,3,3,0.141435365,1.021445821,0.795369365,B + C^2,,Cox,Cox
13,3,4,0.1417589,0.956951559,0.786423274,B + C^2,,Cox,Cox
13,3,5,0.147787863,0.943647384,0.787586971,B + C^2,,Cox,Cox
13,3,6,0.145153836,0.934367422,0.782468802,B + C^2,,Cox,Cox
13,3,7,0.12999328,0.988852467,0.808895697,B + C^2,,Cox,Cox
13,3,8,0.133495437,1.060070554,0.801552576,B + C^2,,Cox,Cox
13,3,9,0.144568343,1.012589368,0.799758667,B + C^2,,Cox,Cox
13,3,10,0.146882018,0.936362387,0.778221453,B + C^2,,Cox,Cox
13,4,1,0.146254878,0.916677867,0.782242685,B + C^2,,Cox,Cox
13,4,2,0.139167652,0.977033218,0.786470173,B + C^2,,Cox,Cox
13,4,3,0.135561489,1.012263842,0.800597305,B + C^2,,Cox,Cox
13,4,4,0.1320797,0.957334896,0.787743604,B + C^2,,Cox,Cox
13,4,5,0.138525701,0.984360123,0.795026551,B + C^2,,Cox,Cox
13,4,6,0.141308498,0.949115113,0.788316909,B + C^2,,Cox,Cox
13,4,7,0.145083188,0.98263106,0.791123946,B + C^2,,Cox,Cox
13,4,8,0.146476071,1.00117456,0.790149626,B + C^2,,Cox,Cox
13,4,9,0.142846437,0.996566379,0.794566617,B + C^2,,Cox,Cox
13,4,10,0.139982383,0.998354962,0.796806351,B + C^2,,Cox,Cox
13,5,1,0.13287162,1.048009504,0.802411367,B + C^2,,Cox,Cox
13,5,2,0.138178732,1.02041953,0.798699121,B + C^2,,Cox,Cox
13,5,3,0.14465978,0.989241387,0.794231529,B + C^2,,Cox,Cox
13,5,4,0.139316225,0.997444902,0.794295498,B + C^2,,Cox,Cox
13,5,5,0.145978502,0.940060812,0.779055104,B + C^2,,Cox,Cox
13,5,6,0.13883124,0.952442596,0.788775431,B + C^2,,Cox,Cox
13,5,7,0.148182622,0.934112608,0.783428921,B + C^2,,Cox,Cox
13,5,8,0.133009248,0.993546929,0.803891167,B + C^2,,Cox,Cox
13,5,9,0.147254183,0.913546474,0.778518882,B + C^2,,Cox,Cox
13,5,10,0.143468765,0.967613988,0.786099012,B + C^2,,Cox,Cox
14,1,1,0.139879439,1.012114727,0.791105328,B + C^2,ridge,Cox,Cox ridge
14,1,2,0.139531604,0.997802133,0.795536589,B + C^2,ridge,Cox,Cox ridge
14,1,3,0.13813113,1.010503458,0.795917856,B + C^2,ridge,Cox,Cox ridge
14,1,4,0.133715151,1.042293013,0.800001198,B + C^2,ridge,Cox,Cox ridge
14,1,5,0.130999812,1.045434399,0.798374594,B + C^2,ridge,Cox,Cox ridge
14,1,6,0.143539402,1.032440292,0.790569098,B + C^2,ridge,Cox,Cox ridge
14,1,7,0.147962577,0.939841193,0.7859219,B + C^2,ridge,Cox,Cox ridge
14,1,8,0.143207971,0.974246746,0.782684719,B + C^2,ridge,Cox,Cox ridge
14,1,9,0.135307104,1.061181116,0.801966865,B + C^2,ridge,Cox,Cox ridge
14,1,10,0.148469316,0.930878482,0.779357192,B + C^2,ridge,Cox,Cox ridge
14,2,1,0.143674671,1.02083018,0.797686228,B + C^2,ridge,Cox,Cox ridge
14,2,2,0.138594098,0.968148191,0.782493998,B + C^2,ridge,Cox,Cox ridge
14,2,3,0.138722704,1.048923488,0.801474448,B + C^2,ridge,Cox,Cox ridge
14,2,4,0.142824449,0.956210522,0.780127599,B + C^2,ridge,Cox,Cox ridge
14,2,5,0.141937859,1.080141008,0.801210047,B + C^2,ridge,Cox,Cox ridge
14,2,6,0.133734727,1.011181068,0.794306975,B + C^2,ridge,Cox,Cox ridge
14,2,7,0.139852383,0.980179884,0.793398482,B + C^2,ridge,Cox,Cox ridge
14,2,8,0.140836672,0.99527763,0.790225792,B + C^2,ridge,Cox,Cox ridge
14,2,9,0.141451088,0.980139419,0.78769719,B + C^2,ridge,Cox,Cox ridge
14,2,10,0.142807036,0.983950257,0.788186944,B + C^2,ridge,Cox,Cox ridge
14,3,1,0.137900789,1.014020189,0.79944975,B + C^2,ridge,Cox,Cox ridge
14,3,2,0.142222862,0.940608625,0.776210179,B + C^2,ridge,Cox,Cox ridge
14,3,3,0.140457019,1.059818423,0.796047697,B + C^2,ridge,Cox,Cox ridge
14,3,4,0.141455114,0.977172765,0.786836612,B + C^2,ridge,Cox,Cox ridge
14,3,5,0.146744556,0.987120417,0.789716881,B + C^2,ridge,Cox,Cox ridge
14,3,6,0.144659786,0.951609143,0.782068301,B + C^2,ridge,Cox,Cox ridge
14,3,7,0.129384589,1.027973629,0.809965916,B + C^2,ridge,Cox,Cox ridge
14,3,8,0.132674915,1.094522547,0.803725179,B + C^2,ridge,Cox,Cox ridge
14,3,9,0.144904487,1.027700637,0.797864838,B + C^2,ridge,Cox,Cox ridge
14,3,10,0.146410718,0.961097573,0.779541336,B + C^2,ridge,Cox,Cox ridge
14,4,1,0.145129935,0.956654735,0.783747976,B + C^2,ridge,Cox,Cox ridge
14,4,2,0.138677893,1.004472877,0.787514006,B + C^2,ridge,Cox,Cox ridge
14,4,3,0.134975111,1.03364257,0.80127668,B + C^2,ridge,Cox,Cox ridge
14,4,4,0.131940507,0.984459985,0.786798712,B + C^2,ridge,Cox,Cox ridge
14,4,5,0.139046137,1.000171069,0.793940475,B + C^2,ridge,Cox,Cox ridge
14,4,6,0.140353354,0.987661863,0.789763095,B + C^2,ridge,Cox,Cox ridge
14,4,7,0.144351877,1.010497243,0.792643142,B + C^2,ridge,Cox,Cox ridge
14,4,8,0.146402156,1.015342615,0.78937885,B + C^2,ridge,Cox,Cox ridge
14,4,9,0.142868426,1.013652299,0.794934233,B + C^2,ridge,Cox,Cox ridge
14,4,10,0.139706718,1.024409287,0.797155651,B + C^2,ridge,Cox,Cox ridge
14,5,1,0.132192263,1.078289951,0.80410206,B + C^2,ridge,Cox,Cox ridge
14,5,2,0.13776827,1.049474684,0.799444364,B + C^2,ridge,Cox,Cox ridge
14,5,3,0.143758655,1.015078863,0.795142298,B + C^2,ridge,Cox,Cox ridge
14,5,4,0.139352618,1.01941648,0.794672197,B + C^2,ridge,Cox,Cox ridge
14,5,5,0.146032544,0.957130397,0.777737064,B + C^2,ridge,Cox,Cox ridge
14,5,6,0.138370574,0.983434969,0.788921032,B + C^2,ridge,Cox,Cox ridge
14,5,7,0.147719143,0.965879838,0.783428921,B + C^2,ridge,Cox,Cox ridge
14,5,8,0.132948363,1.012718072,0.804118671,B + C^2,ridge,Cox,Cox ridge
14,5,9,0.147020356,0.924480344,0.778407474,B + C^2,ridge,Cox,Cox ridge
14,5,10,0.142505832,0.999972047,0.787569147,B + C^2,ridge,Cox,Cox ridge
15,1,1,0.139874493,1.011927505,0.7911185,B + C^2,lasso,Cox,Cox lasso
15,1,2,0.139517173,0.997763399,0.795572565,B + C^2,lasso,Cox,Cox lasso
15,1,3,0.138127644,1.010216483,0.795922569,B + C^2,lasso,Cox,Cox lasso
15,1,4,0.133717527,1.041594864,0.799989926,B + C^2,lasso,Cox,Cox lasso
15,1,5,0.130995428,1.045200645,0.798406651,B + C^2,lasso,Cox,Cox lasso
15,1,6,0.143545895,1.031914996,0.790575368,B + C^2,lasso,Cox,Cox lasso
15,1,7,0.14795009,0.939996079,0.785940095,B + C^2,lasso,Cox,Cox lasso
15,1,8,0.143194862,0.973959205,0.782718484,B + C^2,lasso,Cox,Cox lasso
15,1,9,0.135311276,1.060606884,0.801958372,B + C^2,lasso,Cox,Cox lasso
15,1,10,0.148454793,0.930760295,0.779383339,B + C^2,lasso,Cox,Cox lasso
15,2,1,0.143661699,1.020724087,0.797701256,B + C^2,lasso,Cox,Cox lasso
15,2,2,0.138588785,0.967962343,0.782516212,B + C^2,lasso,Cox,Cox lasso
15,2,3,0.138718421,1.048616548,0.801493981,B + C^2,lasso,Cox,Cox lasso
15,2,4,0.142813058,0.956220898,0.780144106,B + C^2,lasso,Cox,Cox lasso
15,2,5,0.141941943,1.079517829,0.801183693,B + C^2,lasso,Cox,Cox lasso
15,2,6,0.133733276,1.010692545,0.794321781,B + C^2,lasso,Cox,Cox lasso
15,2,7,0.1398424,0.97985835,0.793415906,B + C^2,lasso,Cox,Cox lasso
15,2,8,0.140834604,0.99502039,0.790233674,B + C^2,lasso,Cox,Cox lasso
15,2,9,0.141446659,0.980105035,0.787714333,B + C^2,lasso,Cox,Cox lasso
15,2,10,0.142805496,0.983395635,0.788207909,B + C^2,lasso,Cox,Cox lasso
15,3,1,0.137904581,1.013714137,0.799432251,B + C^2,lasso,Cox,Cox lasso
15,3,2,0.142214457,0.940465374,0.776221492,B + C^2,lasso,Cox,Cox lasso
15,3,3,0.1404572,1.059428309,0.796057519,B + C^2,lasso,Cox,Cox lasso
15,3,4,0.141448932,0.977048264,0.78685057,B + C^2,lasso,Cox,Cox lasso
15,3,5,0.146758114,0.986438148,0.789743136,B + C^2,lasso,Cox,Cox lasso
15,3,6,0.144655523,0.9512299,0.782063408,B + C^2,lasso,Cox,Cox lasso
15,3,7,0.129390728,1.027572219,0.809955147,B + C^2,lasso,Cox,Cox lasso
15,3,8,0.132670466,1.094123899,0.803732223,B + C^2,lasso,Cox,Cox lasso
15,3,9,0.144888839,1.027471946,0.797906258,B + C^2,lasso,Cox,Cox lasso
15,3,10,0.146400684,0.96087346,0.779589669,B + C^2,lasso,Cox,Cox lasso
15,4,1,0.145142832,0.956094371,0.783741637,B + C^2,lasso,Cox,Cox lasso
15,4,2,0.138687709,1.00416923,0.787479881,B + C^2,lasso,Cox,Cox lasso
15,4,3,0.13496588,1.033445765,0.801283435,B + C^2,lasso,Cox,Cox lasso
15,4,4,0.131941326,0.984160324,0.786780603,B + C^2,lasso,Cox,Cox lasso
15,4,5,0.139035339,0.999954312,0.793954509,B + C^2,lasso,Cox,Cox lasso
15,4,6,0.140343895,0.987492651,0.789816847,B + C^2,lasso,Cox,Cox lasso
15,4,7,0.144353887,1.009896402,0.792634494,B + C^2,lasso,Cox,Cox lasso
15,4,8,0.146398028,1.01511036,0.789389346,B + C^2,lasso,Cox,Cox lasso
15,4,9,0.142867512,1.013425831,0.794948005,B + C^2,lasso,Cox,Cox lasso
15,4,10,0.139701025,1.0242808,0.797168237,B + C^2,lasso,Cox,Cox lasso
15,5,1,0.132201319,1.077940647,0.804109836,B + C^2,lasso,Cox,Cox lasso
15,5,2,0.137764298,1.049125277,0.799488197,B + C^2,lasso,Cox,Cox lasso
15,5,3,0.143759914,1.014616095,0.795152284,B + C^2,lasso,Cox,Cox lasso
15,5,4,0.13935708,1.019071723,0.794656958,B + C^2,lasso,Cox,Cox lasso
15,5,5,0.146022741,0.956910663,0.77777672,B + C^2,lasso,Cox,Cox lasso
15,5,6,0.138364933,0.983046122,0.788934322,B + C^2,lasso,Cox,Cox lasso
15,5,7,0.147716428,0.965670362,0.783451357,B + C^2,lasso,Cox,Cox lasso
15,5,8,0.132952241,1.012355026,0.804130473,B + C^2,lasso,Cox,Cox lasso
15,5,9,0.147002731,0.924500434,0.778438434,B + C^2,lasso,Cox,Cox lasso
15,5,10,0.142502889,0.999711922,0.787603733,B + C^2,lasso,Cox,Cox lasso
16,1,1,0.189197333,0.845171915,0.785391507,B + C^2,,Logistic,Logistic
16,1,2,0.183447624,0.879339398,0.794487269,B + C^2,,Logistic,Logistic
16,1,3,0.187178884,0.835583629,0.786878808,B + C^2,,Logistic,Logistic
16,1,4,0.185436796,0.882400074,0.797505285,B + C^2,,Logistic,Logistic
16,1,5,0.182585721,0.895378431,0.797979427,B + C^2,,Logistic,Logistic
16,1,6,0.187146215,0.854622086,0.785101983,B + C^2,,Logistic,Logistic
16,1,7,0.197035905,0.804308706,0.78057661,B + C^2,,Logistic,Logistic
16,1,8,0.187769682,0.836796022,0.781629452,B + C^2,,Logistic,Logistic
16,1,9,0.177003698,0.888008935,0.796642421,B + C^2,,Logistic,Logistic
16,1,10,0.192550164,0.776830543,0.773158992,B + C^2,,Logistic,Logistic
16,2,1,0.186801972,0.868704308,0.794408552,B + C^2,,Logistic,Logistic
16,2,2,0.185735381,0.798330267,0.774596024,B + C^2,,Logistic,Logistic
16,2,3,0.182497143,0.877050492,0.796625777,B + C^2,,Logistic,Logistic
16,2,4,0.193324806,0.817840842,0.776160761,B + C^2,,Logistic,Logistic
16,2,5,0.188895189,0.918355204,0.798117699,B + C^2,,Logistic,Logistic
16,2,6,0.175392015,0.864191116,0.791873133,B + C^2,,Logistic,Logistic
16,2,7,0.185571579,0.835654841,0.790633653,B + C^2,,Logistic,Logistic
16,2,8,0.195887795,0.836623364,0.785879304,B + C^2,,Logistic,Logistic
16,2,9,0.190704583,0.833554339,0.78211092,B + C^2,,Logistic,Logistic
16,2,10,0.189229744,0.814874327,0.779969447,B + C^2,,Logistic,Logistic
16,3,1,0.188145868,0.844705655,0.790499522,B + C^2,,Logistic,Logistic
16,3,2,0.186518252,0.796392456,0.77346961,B + C^2,,Logistic,Logistic
16,3,3,0.184617236,0.894858152,0.795168356,B + C^2,,Logistic,Logistic
16,3,4,0.185987857,0.819702169,0.781490493,B + C^2,,Logistic,Logistic
16,3,5,0.188899689,0.841538188,0.785726462,B + C^2,,Logistic,Logistic
16,3,6,0.190103663,0.819407029,0.781230285,B + C^2,,Logistic,Logistic
16,3,7,0.18662523,0.890732845,0.805081991,B + C^2,,Logistic,Logistic
16,3,8,0.186458512,0.892919023,0.795920849,B + C^2,,Logistic,Logistic
16,3,9,0.186154349,0.872342219,0.793360365,B + C^2,,Logistic,Logistic
16,3,10,0.190164744,0.802993651,0.77345424,B + C^2,,Logistic,Logistic
16,4,1,0.188068026,0.820157046,0.779618536,B + C^2,,Logistic,Logistic
16,4,2,0.192259856,0.849077948,0.784608416,B + C^2,,Logistic,Logistic
16,4,3,0.176166489,0.874070728,0.797131061,B + C^2,,Logistic,Logistic
16,4,4,0.187314723,0.83356403,0.781969481,B + C^2,,Logistic,Logistic
16,4,5,0.177388525,0.846153807,0.789385306,B + C^2,,Logistic,Logistic
16,4,6,0.189898868,0.831518399,0.784597763,B + C^2,,Logistic,Logistic
16,4,7,0.186388689,0.839922463,0.78665356,B + C^2,,Logistic,Logistic
16,4,8,0.194363915,0.863615696,0.786471286,B + C^2,,Logistic,Logistic
16,4,9,0.188940285,0.855489117,0.78989132,B + C^2,,Logistic,Logistic
16,4,10,0.191277661,0.851828656,0.790902092,B + C^2,,Logistic,Logistic
16,5,1,0.18387339,0.906385012,0.79966265,B + C^2,,Logistic,Logistic
16,5,2,0.183064478,0.878996798,0.794523923,B + C^2,,Logistic,Logistic
16,5,3,0.181198704,0.823098801,0.7852541,B + C^2,,Logistic,Logistic
16,5,4,0.191258056,0.878964181,0.79226349,B + C^2,,Logistic,Logistic
16,5,5,0.193005876,0.820435612,0.776847402,B + C^2,,Logistic,Logistic
16,5,6,0.182116048,0.823131818,0.783194342,B + C^2,,Logistic,Logistic
16,5,7,0.193431521,0.82433394,0.782704964,B + C^2,,Logistic,Logistic
16,5,8,0.183958244,0.881208061,0.800988303,B + C^2,,Logistic,Logistic
16,5,9,0.19459887,0.773627583,0.772995129,B + C^2,,Logistic,Logistic
16,5,10,0.187533155,0.859497111,0.784319334,B + C^2,,Logistic,Logistic
17,1,1,0.140230712,0.998255834,0.791870724,B + C^2,ridge,Logistic,Logistic ridge
17,1,2,0.139393279,0.993772707,0.796429663,B + C^2,ridge,Logistic,Logistic ridge
17,1,3,0.138864819,0.996980178,0.795122466,B + C^2,ridge,Logistic,Logistic ridge
17,1,4,0.133519723,1.042349403,0.801342143,B + C^2,ridge,Logistic,Logistic ridge
17,1,5,0.131145381,1.043571359,0.799634214,B + C^2,ridge,Logistic,Logistic ridge
17,1,6,0.143843958,1.003097692,0.790619912,B + C^2,ridge,Logistic,Logistic ridge
17,1,7,0.147461701,0.951661174,0.786997632,B + C^2,ridge,Logistic,Logistic ridge
17,1,8,0.143385709,0.95738211,0.783406366,B + C^2,ridge,Logistic,Logistic ridge
17,1,9,0.135461235,1.048441957,0.802567492,B + C^2,ridge,Logistic,Logistic ridge
17,1,10,0.14831386,0.920924924,0.77978684,B + C^2,ridge,Logistic,Logistic ridge
17,2,1,0.143592131,1.018955932,0.798563598,B + C^2,ridge,Logistic,Logistic ridge
17,2,2,0.1384196,0.957178576,0.783732111,B + C^2,ridge,Logistic,Logistic ridge
17,2,3,0.13875875,1.032304318,0.801940076,B + C^2,ridge,Logistic,Logistic ridge
17,2,4,0.142903977,0.948853125,0.780536807,B + C^2,ridge,Logistic,Logistic ridge
17,2,5,0.142440463,1.067030624,0.800520931,B + C^2,ridge,Logistic,Logistic ridge
17,2,6,0.133847919,1.00019415,0.79507078,B + C^2,ridge,Logistic,Logistic ridge
17,2,7,0.139778734,0.973273892,0.794196837,B + C^2,ridge,Logistic,Logistic ridge
17,2,8,0.141283753,0.989935043,0.790274687,B + C^2,ridge,Logistic,Logistic ridge
17,2,9,0.141340275,0.978239631,0.789263047,B + C^2,ridge,Logistic,Logistic ridge
17,2,10,0.142761261,0.976648473,0.78945962,B + C^2,ridge,Logistic,Logistic ridge
17,3,1,0.138249267,1.011092047,0.800021483,B + C^2,ridge,Logistic,Logistic ridge
17,3,2,0.142054021,0.929305284,0.777299719,B + C^2,ridge,Logistic,Logistic ridge
17,3,3,0.140446401,1.046493846,0.797172893,B + C^2,ridge,Logistic,Logistic ridge
17,3,4,0.141138787,0.965231544,0.788391628,B + C^2,ridge,Logistic,Logistic ridge
17,3,5,0.14669097,0.986348413,0.789741614,B + C^2,ridge,Logistic,Logistic ridge
17,3,6,0.144871739,0.93934374,0.782343332,B + C^2,ridge,Logistic,Logistic ridge
17,3,7,0.129599735,1.040242607,0.810348892,B + C^2,ridge,Logistic,Logistic ridge
17,3,8,0.133217883,1.072118207,0.803813857,B + C^2,ridge,Logistic,Logistic ridge
17,3,9,0.145100181,1.015342002,0.79827674,B + C^2,ridge,Logistic,Logistic ridge
17,3,10,0.146328463,0.950715849,0.780170171,B + C^2,ridge,Logistic,Logistic ridge
17,4,1,0.145176172,0.954664763,0.78410208,B + C^2,ridge,Logistic,Logistic ridge
17,4,2,0.13909796,0.991565527,0.787620183,B + C^2,ridge,Logistic,Logistic ridge
17,4,3,0.135017687,1.016220383,0.802056209,B + C^2,ridge,Logistic,Logistic ridge
17,4,4,0.13259377,0.967627342,0.786979639,B + C^2,ridge,Logistic,Logistic ridge
17,4,5,0.138998418,0.986508886,0.794650016,B + C^2,ridge,Logistic,Logistic ridge
17,4,6,0.140064107,0.988593488,0.791461636,B + C^2,ridge,Logistic,Logistic ridge
17,4,7,0.144251661,0.995745994,0.792808466,B + C^2,ridge,Logistic,Logistic ridge
17,4,8,0.146608114,1.010911186,0.789841578,B + C^2,ridge,Logistic,Logistic ridge
17,4,9,0.142735753,1.009861706,0.795496763,B + C^2,ridge,Logistic,Logistic ridge
17,4,10,0.139854094,1.016237776,0.797970742,B + C^2,ridge,Logistic,Logistic ridge
17,5,1,0.132540736,1.063207215,0.804175764,B + C^2,ridge,Logistic,Logistic ridge
17,5,2,0.13809811,1.038641942,0.800066685,B + C^2,ridge,Logistic,Logistic ridge
17,5,3,0.143702508,1.001326573,0.795977058,B + C^2,ridge,Logistic,Logistic ridge
17,5,4,0.139264848,1.015625059,0.795650601,B + C^2,ridge,Logistic,Logistic ridge
17,5,5,0.146507283,0.939615585,0.777677882,B + C^2,ridge,Logistic,Logistic ridge
17,5,6,0.138147261,0.970260018,0.790292523,B + C^2,ridge,Logistic,Logistic ridge
17,5,7,0.147880814,0.96300221,0.784290916,B + C^2,ridge,Logistic,Logistic ridge
17,5,8,0.133271958,1.019095193,0.804121592,B + C^2,ridge,Logistic,Logistic ridge
17,5,9,0.146931673,0.915578673,0.778919511,B + C^2,ridge,Logistic,Logistic ridge
17,5,10,0.142250579,0.993252455,0.788646008,B + C^2,ridge,Logistic,Logistic ridge
18,1,1,0.140230712,0.998255834,0.791870724,B + C^2,lasso,Logistic,Logistic lasso
18,1,2,0.139393279,0.993772707,0.796429663,B + C^2,lasso,Logistic,Logistic lasso
18,1,3,0.138864819,0.996980178,0.795122466,B + C^2,lasso,Logistic,Logistic lasso
18,1,4,0.133519723,1.042349403,0.801342143,B + C^2,lasso,Logistic,Logistic lasso
18,1,5,0.131145381,1.043571359,0.799634214,B + C^2,lasso,Logistic,Logistic lasso
18,1,6,0.143843958,1.003097692,0.790619912,B + C^2,lasso,Logistic,Logistic lasso
18,1,7,0.147461701,0.951661174,0.786997632,B + C^2,lasso,Logistic,Logistic lasso
18,1,8,0.143385709,0.95738211,0.783406366,B + C^2,lasso,Logistic,Logistic lasso
18,1,9,0.135461235,1.048441957,0.802567492,B + C^2,lasso,Logistic,Logistic lasso
18,1,10,0.14831386,0.920924924,0.77978684,B + C^2,lasso,Logistic,Logistic lasso
18,2,1,0.143592131,1.018955932,0.798563598,B + C^2,lasso,Logistic,Logistic lasso
18,2,2,0.1384196,0.957178576,0.783732111,B + C^2,lasso,Logistic,Logistic lasso
18,2,3,0.13875875,1.032304318,0.801940076,B + C^2,lasso,Logistic,Logistic lasso
18,2,4,0.142903977,0.948853125,0.780536807,B + C^2,lasso,Logistic,Logistic lasso
18,2,5,0.142440463,1.067030624,0.800520931,B + C^2,lasso,Logistic,Logistic lasso
18,2,6,0.133847919,1.00019415,0.79507078,B + C^2,lasso,Logistic,Logistic lasso
18,2,7,0.139778734,0.973273892,0.794196837,B + C^2,lasso,Logistic,Logistic lasso
18,2,8,0.141283753,0.989935043,0.790274687,B + C^2,lasso,Logistic,Logistic lasso
18,2,9,0.141340275,0.978239631,0.789263047,B + C^2,lasso,Logistic,Logistic lasso
18,2,10,0.142761261,0.976648473,0.78945962,B + C^2,lasso,Logistic,Logistic lasso
18,3,1,0.138249267,1.011092047,0.800021483,B + C^2,lasso,Logistic,Logistic lasso
18,3,2,0.142054021,0.929305284,0.777299719,B + C^2,lasso,Logistic,Logistic lasso
18,3,3,0.140446401,1.046493846,0.797172893,B + C^2,lasso,Logistic,Logistic lasso
18,3,4,0.141138787,0.965231544,0.788391628,B + C^2,lasso,Logistic,Logistic lasso
18,3,5,0.14669097,0.986348413,0.789741614,B + C^2,lasso,Logistic,Logistic lasso
18,3,6,0.144871739,0.93934374,0.782343332,B + C^2,lasso,Logistic,Logistic lasso
18,3,7,0.129599735,1.040242607,0.810348892,B + C^2,lasso,Logistic,Logistic lasso
18,3,8,0.133217883,1.072118207,0.803813857,B + C^2,lasso,Logistic,Logistic lasso
18,3,9,0.145100181,1.015342002,0.79827674,B + C^2,lasso,Logistic,Logistic lasso
18,3,10,0.146328463,0.950715849,0.780170171,B + C^2,lasso,Logistic,Logistic lasso
18,4,1,0.145176172,0.954664763,0.78410208,B + C^2,lasso,Logistic,Logistic lasso
18,4,2,0.13909796,0.991565527,0.787620183,B + C^2,lasso,Logistic,Logistic lasso
18,4,3,0.135017687,1.016220383,0.802056209,B + C^2,lasso,Logistic,Logistic lasso
18,4,4,0.13259377,0.967627342,0.786979639,B + C^2,lasso,Logistic,Logistic lasso
18,4,5,0.138998418,0.986508886,0.794650016,B + C^2,lasso,Logistic,Logistic lasso
18,4,6,0.140064107,0.988593488,0.791461636,B + C^2,lasso,Logistic,Logistic lasso
18,4,7,0.144251661,0.995745994,0.792808466,B + C^2,lasso,Logistic,Logistic lasso
18,4,8,0.146608114,1.010911186,0.789841578,B + C^2,lasso,Logistic,Logistic lasso
18,4,9,0.142735753,1.009861706,0.795496763,B + C^2,lasso,Logistic,Logistic lasso
18,4,10,0.139854094,1.016237776,0.797970742,B + C^2,lasso,Logistic,Logistic lasso
18,5,1,0.132540736,1.063207215,0.804175764,B + C^2,lasso,Logistic,Logistic lasso
18,5,2,0.13809811,1.038641942,0.800066685,B + C^2,lasso,Logistic,Logistic lasso
18,5,3,0.143702508,1.001326573,0.795977058,B + C^2,lasso,Logistic,Logistic lasso
18,5,4,0.139264848,1.015625059,0.795650601,B + C^2,lasso,Logistic,Logistic lasso
18,5,5,0.146507283,0.939615585,0.777677882,B + C^2,lasso,Logistic,Logistic lasso
18,5,6,0.138147261,0.970260018,0.790292523,B + C^2,lasso,Logistic,Logistic lasso
18,5,7,0.147880814,0.96300221,0.784290916,B + C^2,lasso,Logistic,Logistic lasso
18,5,8,0.133271958,1.019095193,0.804121592,B + C^2,lasso,Logistic,Logistic lasso
18,5,9,0.146931673,0.915578673,0.778919511,B + C^2,lasso,Logistic,Logistic lasso
18,5,10,0.142250579,0.993252455,0.788646008,B + C^2,lasso,Logistic,Logistic lasso
19,1,1,0.138932787,0.912277628,0.794263123,All,,Random forest,Random forest
19,1,2,0.138738856,0.916117172,0.793419318,All,,Random forest,Random forest
19,1,3,0.140339979,0.891300813,0.784091579,All,,Random forest,Random forest
19,1,4,0.136553257,0.856722093,0.791156223,All,,Random forest,Random forest
19,1,5,0.132313643,0.899320511,0.795472958,All,,Random forest,Random forest
19,1,6,0.145797868,0.873873773,0.781934798,All,,Random forest,Random forest
19,1,7,0.149123873,0.837083549,0.784571161,All,,Random forest,Random forest
19,1,8,0.145114142,0.836877175,0.774945865,All,,Random forest,Random forest
19,1,9,0.137269226,0.9115085,0.794776514,All,,Random forest,Random forest
19,1,10,0.150317571,0.808839022,0.776176866,All,,Random forest,Random forest
19,2,1,0.145368651,0.897289785,0.7909318,All,,Random forest,Random forest
19,2,2,0.141454636,0.826381397,0.774585932,All,,Random forest,Random forest
19,2,3,0.141701568,0.876601725,0.790721947,All,,Random forest,Random forest
19,2,4,0.144114312,0.82210814,0.776809831,All,,Random forest,Random forest
19,2,5,0.144744141,0.931182046,0.792732928,All,,Random forest,Random forest
19,2,6,0.133973933,0.936227813,0.79513553,All,,Random forest,Random forest
19,2,7,0.140582582,0.86836058,0.789888763,All,,Random forest,Random forest
19,2,8,0.140912541,0.860898277,0.786041674,All,,Random forest,Random forest
19,2,9,0.143477608,0.827664546,0.779417619,All,,Random forest,Random forest
19,2,10,0.143351634,0.873148305,0.784240869,All,,Random forest,Random forest
19,3,1,0.137714487,0.920102872,0.794828767,All,,Random forest,Random forest
19,3,2,0.143180225,0.828904278,0.775411975,All,,Random forest,Random forest
19,3,3,0.142928689,0.919198863,0.791766734,All,,Random forest,Random forest
19,3,4,0.142336132,0.868466266,0.785494998,All,,Random forest,Random forest
19,3,5,0.151534543,0.806520007,0.768958702,All,,Random forest,Random forest
19,3,6,0.147544563,0.784607928,0.769546496,All,,Random forest,Random forest
19,3,7,0.129837574,0.92554558,0.804613309,All,,Random forest,Random forest
19,3,8,0.134890809,0.91374152,0.798812341,All,,Random forest,Random forest
19,3,9,0.147107102,0.911551174,0.792719,All,,Random forest,Random forest
19,3,10,0.147570622,0.825729816,0.77557518,All,,Random forest,Random forest
19,4,1,0.145491137,0.852540743,0.781123502,All,,Random forest,Random forest
19,4,2,0.140214802,0.863715887,0.783862807,All,,Random forest,Random forest
19,4,3,0.136716107,0.913230771,0.794572216,All,,Random forest,Random forest
19,4,4,0.134876396,0.809240452,0.76979653,All,,Random forest,Random forest
19,4,5,0.141530227,0.86936753,0.782826171,All,,Random forest,Random forest
19,4,6,0.141241095,0.889842766,0.78773028,All,,Random forest,Random forest
19,4,7,0.147241656,0.840904276,0.783287286,All,,Random forest,Random forest
19,4,8,0.149172494,0.83845228,0.78353015,All,,Random forest,Random forest
19,4,9,0.144113828,0.891587653,0.792193058,All,,Random forest,Random forest
19,4,10,0.139878575,0.916756302,0.793053571,All,,Random forest,Random forest
19,5,1,0.134535802,0.906376937,0.798236425,All,,Random forest,Random forest
19,5,2,0.138491362,0.934620105,0.797309186,All,,Random forest,Random forest
19,5,3,0.145426062,0.909822011,0.79046913,All,,Random forest,Random forest
19,5,4,0.139891482,0.886101456,0.791957318,All,,Random forest,Random forest
19,5,5,0.147712926,0.840475652,0.772320182,All,,Random forest,Random forest
19,5,6,0.13951475,0.86333456,0.785335956,All,,Random forest,Random forest
19,5,7,0.149244869,0.820333979,0.775160163,All,,Random forest,Random forest
19,5,8,0.13386815,0.937923869,0.799373261,All,,Random forest,Random forest
19,5,9,0.150155395,0.773474212,0.76954246,All,,Random forest,Random forest
19,5,10,0.143723482,0.857665952,0.780199972,All,,Random forest,Random forest
20,1,1,0.140223494,0.996863426,0.791940802,B + C,,Logistic,21 variable model
20,1,2,0.139482192,0.991129459,0.796397149,B + C,,Logistic,21 variable model
20,1,3,0.138919801,0.995769847,0.794951474,B + C,,Logistic,21 variable model
20,1,4,0.133547497,1.041089144,0.801288251,B + C,,Logistic,21 variable model
20,1,5,0.131180224,1.042135776,0.799558651,B + C,,Logistic,21 variable model
20,1,6,0.143608266,1.006645719,0.791247181,B + C,,Logistic,21 variable model
20,1,7,0.147476476,0.951465334,0.786833718,B + C,,Logistic,21 variable model
20,1,8,0.143255831,0.960215571,0.784132881,B + C,,Logistic,21 variable model
20,1,9,0.135406765,1.047828522,0.80249269,B + C,,Logistic,21 variable model
20,1,10,0.148373984,0.919703579,0.779563498,B + C,,Logistic,21 variable model
20,2,1,0.143674687,1.015846474,0.798138438,B + C,,Logistic,21 variable model
20,2,2,0.138204034,0.959774348,0.784241715,B + C,,Logistic,21 variable model
20,2,3,0.138661172,1.033894098,0.802304136,B + C,,Logistic,21 variable model
20,2,4,0.142737737,0.950885374,0.7809818,B + C,,Logistic,21 variable model
20,2,5,0.142361545,1.066872769,0.800772106,B + C,,Logistic,21 variable model
20,2,6,0.133800017,1.000389138,0.795147199,B + C,,Logistic,21 variable model
20,2,7,0.139822035,0.973090363,0.79397048,B + C,,Logistic,21 variable model
20,2,8,0.141384017,0.98805428,0.790376295,B + C,,Logistic,21 variable model
20,2,9,0.141506199,0.976378442,0.788963463,B + C,,Logistic,21 variable model
20,2,10,0.142732821,0.97611575,0.789491977,B + C,,Logistic,21 variable model
20,3,1,0.138232563,1.01026234,0.799940748,B + C,,Logistic,21 variable model
20,3,2,0.141982327,0.930230384,0.777638603,B + C,,Logistic,21 variable model
20,3,3,0.140269218,1.047752748,0.797466469,B + C,,Logistic,21 variable model
20,3,4,0.141216614,0.964026446,0.787996212,B + C,,Logistic,21 variable model
20,3,5,0.146454606,0.990239917,0.79031923,B + C,,Logistic,21 variable model
20,3,6,0.144872376,0.938938059,0.782395402,B + C,,Logistic,21 variable model
20,3,7,0.129734403,1.035282136,0.810104735,B + C,,Logistic,21 variable model
20,3,8,0.133432479,1.068938275,0.803221056,B + C,,Logistic,21 variable model
20,3,9,0.144966921,1.017008405,0.798590365,B + C,,Logistic,21 variable model
20,3,10,0.146236743,0.952967462,0.780667274,B + C,,Logistic,21 variable model
20,4,1,0.145189938,0.952933782,0.784187152,B + C,,Logistic,21 variable model
20,4,2,0.138947662,0.99380684,0.788181879,B + C,,Logistic,21 variable model
20,4,3,0.135103536,1.01521114,0.801744449,B + C,,Logistic,21 variable model
20,4,4,0.132412086,0.970391628,0.787312226,B + C,,Logistic,21 variable model
20,4,5,0.138813843,0.98975274,0.795283085,B + C,,Logistic,21 variable model
20,4,6,0.140219785,0.985128489,0.791120288,B + C,,Logistic,21 variable model
20,4,7,0.144261399,0.994949921,0.792931414,B + C,,Logistic,21 variable model
20,4,8,0.146323921,1.015907995,0.790646203,B + C,,Logistic,21 variable model
20,4,9,0.142927874,1.007757875,0.795115871,B + C,,Logistic,21 variable model
20,4,10,0.139995528,1.010847796,0.797406668,B + C,,Logistic,21 variable model
20,5,1,0.13260113,1.061528607,0.803840319,B + C,,Logistic,21 variable model
20,5,2,0.138106435,1.038934905,0.800243661,B + C,,Logistic,21 variable model
20,5,3,0.14381733,0.996614363,0.795650367,B + C,,Logistic,21 variable model
20,5,4,0.139356642,1.013325699,0.795433964,B + C,,Logistic,21 variable model
20,5,5,0.146513237,0.938702515,0.777710547,B + C,,Logistic,21 variable model
20,5,6,0.138109285,0.972838447,0.790386482,B + C,,Logistic,21 variable model
20,5,7,0.147558694,0.967666628,0.785231546,B + C,,Logistic,21 variable model
20,5,8,0.133233878,1.017519141,0.804182587,B + C,,Logistic,21 variable model
20,5,9,0.146841248,0.917333601,0.779300919,B + C,,Logistic,21 variable model
20,5,10,0.142133445,0.994372467,0.788945269,B + C,,Logistic,21 variable model
21,1,1,0.139039331,0.992702622,0.795499823,B + C,,Logistic,36 variable model
21,1,2,0.13833668,0.987147603,0.800163773,B + C,,Logistic,37 variable model
21,1,3,0.137341543,1.005383996,0.800699618,B + C,,Logistic,38 variable model
21,1,4,0.132791134,1.027682644,0.804867628,B + C,,Logistic,39 variable model
21,1,5,0.128943839,1.059531675,0.806057888,B + C,,Logistic,40 variable model
21,1,6,0.141569103,1.015015599,0.796138625,B + C,,Logistic,41 variable model
21,1,7,0.146886232,0.941764724,0.788179277,B + C,,Logistic,42 variable model
21,1,8,0.142167892,0.957351042,0.786975647,B + C,,Logistic,43 variable model
21,1,9,0.134449688,1.03532177,0.806819578,B + C,,Logistic,44 variable model
21,1,10,0.146276499,0.928156173,0.785397617,B + C,,Logistic,45 variable model
21,2,1,0.14226083,1.014799235,0.80197427,B + C,,Logistic,46 variable model
21,2,2,0.136302769,0.971044409,0.790583514,B + C,,Logistic,47 variable model
21,2,3,0.137006873,1.02877036,0.806023625,B + C,,Logistic,48 variable model
21,2,4,0.141503725,0.943920892,0.786226592,B + C,,Logistic,49 variable model
21,2,5,0.141255324,1.054881507,0.803480835,B + C,,Logistic,50 variable model
21,2,6,0.132622459,0.996610119,0.799266647,B + C,,Logistic,51 variable model
21,2,7,0.13771144,0.975723249,0.800179358,B + C,,Logistic,52 variable model
21,2,8,0.140586663,0.982367235,0.791989832,B + C,,Logistic,53 variable model
21,2,9,0.140256603,0.989081229,0.793519656,B + C,,Logistic,54 variable model
21,2,10,0.141651145,0.983042928,0.794044381,B + C,,Logistic,55 variable model
21,3,1,0.137085578,0.994399709,0.801931593,B + C,,Logistic,56 variable model
21,3,2,0.141055093,0.919890718,0.780880588,B + C,,Logistic,57 variable model
21,3,3,0.139330354,1.046331996,0.801541124,B + C,,Logistic,58 variable model
21,3,4,0.139328322,0.98050544,0.7941403,B + C,,Logistic,59 variable model
21,3,5,0.143408394,1.009062055,0.798461404,B + C,,Logistic,60 variable model
21,3,6,0.144015868,0.934061727,0.784397404,B + C,,Logistic,61 variable model
21,3,7,0.128601903,1.032719131,0.814447578,B + C,,Logistic,62 variable model
21,3,8,0.132189272,1.07079323,0.807377592,B + C,,Logistic,63 variable model
21,3,9,0.142880876,1.024823977,0.804765522,B + C,,Logistic,64 variable model
21,3,10,0.145339405,0.947912793,0.783930118,B + C,,Logistic,65 variable model
21,4,1,0.144142574,0.954484847,0.787575166,B + C,,Logistic,66 variable model
21,4,2,0.138429088,0.976923948,0.791764215,B + C,,Logistic,67 variable model
21,4,3,0.133139405,1.014163275,0.805036498,B + C,,Logistic,68 variable model
21,4,4,0.131431102,0.971366055,0.791055414,B + C,,Logistic,69 variable model
21,4,5,0.137842366,0.986183685,0.799530699,B + C,,Logistic,70 variable model
21,4,6,0.138464801,0.992608756,0.796537863,B + C,,Logistic,71 variable model
21,4,7,0.142969047,0.999389391,0.797677533,B + C,,Logistic,72 variable model
21,4,8,0.144426656,1.018120844,0.796854263,B + C,,Logistic,73 variable model
21,4,9,0.140793226,1.007532371,0.799432235,B + C,,Logistic,74 variable model
21,4,10,0.138929232,1.01319656,0.8009426,B + C,,Logistic,75 variable model
21,5,1,0.130883775,1.064317436,0.809775266,B + C,,Logistic,76 variable model
21,5,2,0.136470448,1.049137259,0.805250295,B + C,,Logistic,77 variable model
21,5,3,0.141861858,0.998113496,0.800486041,B + C,,Logistic,78 variable model
21,5,4,0.13885996,0.998394708,0.798321863,B + C,,Logistic,79 variable model
21,5,5,0.144916023,0.940240927,0.782670524,B + C,,Logistic,80 variable model
21,5,6,0.136487187,0.974997011,0.794713353,B + C,,Logistic,81 variable model
21,5,7,0.14608664,0.976050867,0.788079721,B + C,,Logistic,82 variable model
21,5,8,0.132143237,1.014452982,0.806503079,B + C,,Logistic,83 variable model
21,5,9,0.145514705,0.915852643,0.784129067,B + C,,Logistic,84 variable model
21,5,10,0.141202771,0.980499659,0.791928671,B + C,,Logistic,85 variable model
22,1,1,0.138356033,1.000378699,0.798213904,B + C,,Logistic,86 variable model
22,1,2,0.138868209,0.966050912,0.800562818,B + C,,Logistic,87 variable model
22,1,3,0.137000789,0.996698225,0.801847362,B + C,,Logistic,88 variable model
22,1,4,0.132733724,1.023167627,0.807103946,B + C,,Logistic,89 variable model
22,1,5,0.129102574,1.060882882,0.807536723,B + C,,Logistic,90 variable model
22,1,6,0.142246913,1.008431709,0.799300442,B + C,,Logistic,91 variable model
22,1,7,0.14550546,0.961253292,0.793048874,B + C,,Logistic,92 variable model
22,1,8,0.141651989,0.968638397,0.790495817,B + C,,Logistic,93 variable model
22,1,9,0.134264712,1.042754359,0.806777465,B + C,,Logistic,94 variable model
22,1,10,0.14757315,0.916331296,0.786598512,B + C,,Logistic,95 variable model
22,2,1,0.142067839,1.01695158,0.804182347,B + C,,Logistic,96 variable model
22,2,2,0.137449535,0.951186485,0.7890013,B + C,,Logistic,97 variable model
22,2,3,0.137439499,1.039316294,0.8078946,B + C,,Logistic,98 variable model
22,2,4,0.141244876,0.953187173,0.789349965,B + C,,Logistic,99 variable model
22,2,5,0.140905594,1.05032903,0.805852738,B + C,,Logistic,100 variable model
22,2,6,0.132696446,1.004548867,0.802607675,B + C,,Logistic,101 variable model
22,2,7,0.138114445,0.978122376,0.799805274,B + C,,Logistic,102 variable model
22,2,8,0.140592386,0.962859247,0.795939616,B + C,,Logistic,103 variable model
22,2,9,0.139172882,1.003984834,0.795756005,B + C,,Logistic,104 variable model
22,2,10,0.141152576,0.970351203,0.795789069,B + C,,Logistic,105 variable model
22,3,1,0.136726893,0.993194361,0.805511338,B + C,,Logistic,106 variable model
22,3,2,0.140344493,0.950930793,0.785954535,B + C,,Logistic,107 variable model
22,3,3,0.139833868,1.030088796,0.800330405,B + C,,Logistic,108 variable model
22,3,4,0.139946566,0.979936768,0.792510579,B + C,,Logistic,109 variable model
22,3,5,0.144931187,0.975810771,0.79646315,B + C,,Logistic,110 variable model
22,3,6,0.143338575,0.937033761,0.78938083,B + C,,Logistic,111 variable model
22,3,7,0.128331334,1.019624376,0.815582703,B + C,,Logistic,112 variable model
22,3,8,0.131206946,1.085034452,0.812038945,B + C,,Logistic,113 variable model
22,3,9,0.143467281,1.016968319,0.805453451,B + C,,Logistic,114 variable model
22,3,10,0.145278147,0.949331298,0.786211609,B + C,,Logistic,115 variable model
22,4,1,0.143180625,0.953906328,0.792031706,B + C,,Logistic,116 variable model
22,4,2,0.136686207,1.008435821,0.796639788,B + C,,Logistic,117 variable model
22,4,3,0.133216734,1.03084213,0.809605461,B + C,,Logistic,118 variable model
22,4,4,0.131845082,0.954302041,0.791695366,B + C,,Logistic,119 variable model
22,4,5,0.137955075,0.993456421,0.800318616,B + C,,Logistic,120 variable model
22,4,6,0.139031682,0.979875553,0.797590502,B + C,,Logistic,121 variable model
22,4,7,0.143753399,0.991912729,0.797765888,B + C,,Logistic,122 variable model
22,4,8,0.145947797,0.981676249,0.794690973,B + C,,Logistic,123 variable model
22,4,9,0.14060917,1.005062223,0.802251457,B + C,,Logistic,124 variable model
22,4,10,0.13817505,1.024168029,0.803412869,B + C,,Logistic,125 variable model
22,5,1,0.130727206,1.067090227,0.812128525,B + C,,Logistic,126 variable model
22,5,2,0.136192865,1.041620162,0.807615444,B + C,,Logistic,127 variable model
22,5,3,0.142271733,0.991976186,0.801521108,B + C,,Logistic,128 variable model
22,5,4,0.13824935,1.005466509,0.801475106,B + C,,Logistic,129 variable model
22,5,5,0.144380621,0.948371522,0.785201861,B + C,,Logistic,130 variable model
22,5,6,0.136938237,0.985348562,0.796242452,B + C,,Logistic,131 variable model
22,5,7,0.146790285,0.956787073,0.790161629,B + C,,Logistic,132 variable model
22,5,8,0.132080975,0.997948546,0.808086257,B + C,,Logistic,133 variable model
22,5,9,0.145739066,0.929801395,0.785258792,B + C,,Logistic,134 variable model
22,5,10,0.141032961,0.977810063,0.794232624,B + C,,Logistic,135 variable model
23,1,1,0.138384431,0.99644869,0.798115528,B + C,,Logistic,136 variable model
23,1,2,0.138195764,0.976290284,0.801039837,B + C,,Logistic,137 variable model
23,1,3,0.136936586,0.995461778,0.802187274,B + C,,Logistic,138 variable model
23,1,4,0.133011329,1.013673095,0.807041425,B + C,,Logistic,139 variable model
23,1,5,0.128810594,1.06398848,0.807993956,B + C,,Logistic,140 variable model
23,1,6,0.142336,1.001402846,0.799731249,B + C,,Logistic,141 variable model
23,1,7,0.145394693,0.961965999,0.793186886,B + C,,Logistic,142 variable model
23,1,8,0.141316712,0.97072782,0.791378558,B + C,,Logistic,143 variable model
23,1,9,0.134106344,1.042397558,0.807526882,B + C,,Logistic,144 variable model
23,1,10,0.147350996,0.914212249,0.787257741,B + C,,Logistic,145 variable model
23,2,1,0.141988363,1.013852463,0.804393987,B + C,,Logistic,146 variable model
23,2,2,0.137624777,0.944160446,0.789061176,B + C,,Logistic,147 variable model
23,2,3,0.137660587,1.036543893,0.80728031,B + C,,Logistic,148 variable model
23,2,4,0.140940849,0.954569379,0.790754317,B + C,,Logistic,149 variable model
23,2,5,0.140869007,1.046230343,0.806179211,B + C,,Logistic,150 variable model
23,2,6,0.132584967,1.000219389,0.802778853,B + C,,Logistic,151 variable model
23,2,7,0.137746743,0.98121907,0.800551506,B + C,,Logistic,152 variable model
23,2,8,0.139936466,0.972793405,0.796911483,B + C,,Logistic,153 variable model
23,2,9,0.139123213,0.999508893,0.795823097,B + C,,Logistic,154 variable model
23,2,10,0.140850524,0.973123707,0.796224483,B + C,,Logistic,155 variable model
23,3,1,0.136556357,0.99163719,0.805724265,B + C,,Logistic,156 variable model
23,3,2,0.140033949,0.954331719,0.787094553,B + C,,Logistic,157 variable model
23,3,3,0.13951461,1.035710753,0.800824991,B + C,,Logistic,158 variable model
23,3,4,0.139573509,0.983504856,0.793043034,B + C,,Logistic,159 variable model
23,3,5,0.145359295,0.964053801,0.795035663,B + C,,Logistic,160 variable model
23,3,6,0.14312268,0.935431205,0.790192622,B + C,,Logistic,161 variable model
23,3,7,0.128187102,1.018347596,0.8158716,B + C,,Logistic,162 variable model
23,3,8,0.131152311,1.081070337,0.812029246,B + C,,Logistic,163 variable model
23,3,9,0.143312743,1.017850796,0.805960571,B + C,,Logistic,164 variable model
23,3,10,0.145123741,0.948561428,0.786963743,B + C,,Logistic,165 variable model
23,4,1,0.143481533,0.945754765,0.791463466,B + C,,Logistic,166 variable model
23,4,2,0.136612785,1.006714924,0.797218059,B + C,,Logistic,167 variable model
23,4,3,0.133158067,1.026885966,0.809569738,B + C,,Logistic,168 variable model
23,4,4,0.131591266,0.955817397,0.792223755,B + C,,Logistic,169 variable model
23,4,5,0.137827951,0.997138639,0.801235453,B + C,,Logistic,170 variable model
23,4,6,0.138811877,0.980817948,0.798591827,B + C,,Logistic,171 variable model
23,4,7,0.143759261,0.988448564,0.797403962,B + C,,Logistic,172 variable model
23,4,8,0.145350976,0.990634791,0.79547828,B + C,,Logistic,173 variable model
23,4,9,0.140298242,1.004883898,0.803272174,B + C,,Logistic,174 variable model
23,4,10,0.137978714,1.020996806,0.803338867,B + C,,Logistic,175 variable model
23,5,1,0.130530573,1.065500677,0.812321381,B + C,,Logistic,176 variable model
23,5,2,0.135917309,1.044059201,0.8085601,B + C,,Logistic,177 variable model
23,5,3,0.142264663,0.987245895,0.801423339,B + C,,Logistic,178 variable model
23,5,4,0.137682067,1.015871623,0.801607578,B + C,,Logistic,179 variable model
23,5,5,0.144524761,0.94684799,0.785836593,B + C,,Logistic,180 variable model
23,5,6,0.136791958,0.984863679,0.796595321,B + C,,Logistic,181 variable model
23,5,7,0.146550877,0.958193131,0.790619551,B + C,,Logistic,182 variable model
23,5,8,0.13176818,0.995555235,0.808578423,B + C,,Logistic,183 variable model
23,5,9,0.145766367,0.927028003,0.785721109,B + C,,Logistic,184 variable model
23,5,10,0.141140048,0.96866572,0.794207519,B + C,,Logistic,185 variable model